sample_name,fname,min_t,max_t,site,date,species_number,subset,SPHSUR,BOABIS,SCIPER,DENNAH,LEPLAT,RHIICT,BOALEP,BOAFAB,PHYCUV,DENMIN,ELABIC,BOAPRA,DENCRU,BOALUN,BOAALB,PHYMAR,PITAZU,PHYSAU,LEPFUS,DENNAN,PHYALB,LEPLAB,SCIFUS,BOARAN,SCIFUV,AMEPIC,LEPPOD,ADEDIP,ELAMAT,PHYNAT,LEPELE,RHISCI,SCINAS,LEPNOT,ADEMAR,BOAALM,PHYDIS,RHIORN,LEPFLA,SCIRIZ,DENELE,SCIALT
SAMPLE_00000.wav,INCT20955_20190904_003000,0,3,INCT20955,2019-09-04 00:30:00,4,test,1,1,0,0,0,0,0,0,0,0,0,0,0,0,0,0,0,0,0,0,0,0,0,0,0,0,0,0,0,0,0,0,0,0,0,0,0,0,0,0,0,0
SAMPLE_00001.wav,INCT20955_20190904_003000,1,4,INCT20955,2019-09-04 00:30:00,4,test,1,1,0,0,0,0,0,0,0,0,0,0,0,0,0,0,0,0,0,0,0,0,0,0,0,0,0,0,0,0,0,0,0,0,0,0,0,0,0,0,0,0
SAMPLE_00002.wav,INCT20955_20190904_003000,2,5,INCT20955,2019-09-04 00:30:00,4,test,1,1,0,0,0,0,0,0,0,0,0,0,0,0,0,0,0,0,0,0,0,0,0,0,0,0,0,0,0,0,0,0,0,0,0,0,0,0,0,0,0,0
SAMPLE_00003.wav,INCT20955_20190904_003000,3,6,INCT20955,2019-09-04 00:30:00,4,test,1,1,0,0,0,0,0,0,0,0,0,0,0,0,0,0,0,0,0,0,0,0,0,0,0,0,0,0,0,0,0,0,0,0,0,0,0,0,0,0,0,0
SAMPLE_00004.wav,INCT20955_20190904_003000,4,7,INCT20955,2019-09-04 00:30:00,4,test,1,1,0,0,0,0,0,0,0,0,0,0,0,0,0,0,0,0,0,0,0,0,0,0,0,0,0,0,0,0,0,0,0,0,0,0,0,0,0,0,0,0
SAMPLE_00005.wav,INCT20955_20190904_003000,5,8,INCT20955,2019-09-04 00:30:00,4,test,1,1,0,0,0,0,0,0,0,0,0,0,0,0,0,0,0,0,0,0,0,0,0,0,0,0,0,0,0,0,0,0,0,0,0,0,0,0,0,0,0,0
SAMPLE_00006.wav,INCT20955_20190904_003000,6,9,INCT20955,2019-09-04 00:30:00,4,test,1,1,0,0,0,0,0,0,0,0,0,0,0,0,0,0,0,0,0,0,0,0,0,0,0,0,0,0,0,0,0,0,0,0,0,0,0,0,0,0,0,0
SAMPLE_00007.wav,INCT20955_20190904_003000,7,10,INCT20955,2019-09-04 00:30:00,4,test,1,1,0,0,0,0,0,0,0,0,0,0,0,0,0,0,0,0,0,0,0,0,0,0,0,0,0,0,0,0,0,0,0,0,0,0,0,0,0,0,0,0
SAMPLE_00008.wav,INCT20955_20190904_003000,8,11,INCT20955,2019-09-04 00:30:00,4,test,1,1,0,0,0,0,0,0,0,0,0,0,0,0,0,0,0,0,0,0,0,0,0,0,0,0,0,0,0,0,0,0,0,0,0,0,0,0,0,0,0,0
SAMPLE_00009.wav,INCT20955_20190904_003000,9,12,INCT20955,2019-09-04 00:30:00,4,test,1,1,0,0,0,0,0,0,0,0,0,0,0,0,0,0,0,0,0,0,0,0,0,0,0,0,0,0,0,0,0,0,0,0,0,0,0,0,0,0,0,0
SAMPLE_00058.wav,INCT20955_20190909_050000,0,3,INCT20955,2019-09-09 05:00:00,2,train,0,0,1,0,0,0,0,0,0,0,0,0,0,0,0,0,0,0,0,0,0,0,0,0,0,0,0,0,0,0,0,0,0,0,0,0,0,0,0,0,0,0
SAMPLE_00059.wav,INCT20955_20190909_050000,1,4,INCT20955,2019-09-09 05:00:00,6,train,1,1,1,0,0,0,0,0,0,0,0,0,0,0,0,0,0,0,0,0,0,0,0,0,0,0,0,0,0,0,0,0,0,0,0,0,0,0,0,0,0,0
SAMPLE_00060.wav,INCT20955_20190909_050000,2,5,INCT20955,2019-09-09 05:00:00,6,train,1,1,1,0,0,0,0,0,0,0,0,0,0,0,0,0,0,0,0,0,0,0,0,0,0,0,0,0,0,0,0,0,0,0,0,0,0,0,0,0,0,0
SAMPLE_00061.wav,INCT20955_20190909_050000,3,6,INCT20955,2019-09-09 05:00:00,6,train,1,1,1,0,0,0,0,0,0,0,0,0,0,0,0,0,0,0,0,0,0,0,0,0,0,0,0,0,0,0,0,0,0,0,0,0,0,0,0,0,0,0
SAMPLE_00062.wav,INCT20955_20190909_050000,4,7,INCT20955,2019-09-09 05:00:00,4,train,1,0,1,0,0,0,0,0,0,0,0,0,0,0,0,0,0,0,0,0,0,0,0,0,0,0,0,0,0,0,0,0,0,0,0,0,0,0,0,0,0,0
SAMPLE_00063.wav,INCT20955_20190909_050000,5,8,INCT20955,2019-09-09 05:00:00,4,train,1,0,1,0,0,0,0,0,0,0,0,0,0,0,0,0,0,0,0,0,0,0,0,0,0,0,0,0,0,0,0,0,0,0,0,0,0,0,0,0,0,0
SAMPLE_00064.wav,INCT20955_20190909_050000,6,9,INCT20955,2019-09-09 05:00:00,4,train,1,0,1,0,0,0,0,0,0,0,0,0,0,0,0,0,0,0,0,0,0,0,0,0,0,0,0,0,0,0,0,0,0,0,0,0,0,0,0,0,0,0
SAMPLE_00065.wav,INCT20955_20190909_050000,7,10,INCT20955,2019-09-09 05:00:00,4,train,1,0,1,0,0,0,0,0,0,0,0,0,0,0,0,0,0,0,0,0,0,0,0,0,0,0,0,0,0,0,0,0,0,0,0,0,0,0,0,0,0,0
SAMPLE_00066.wav,INCT20955_20190909_050000,8,11,INCT20955,2019-09-09 05:00:00,4,train,1,0,1,0,0,0,0,0,0,0,0,0,0,0,0,0,0,0,0,0,0,0,0,0,0,0,0,0,0,0,0,0,0,0,0,0,0,0,0,0,0,0
SAMPLE_00067.wav,INCT20955_20190909_050000,9,12,INCT20955,2019-09-09 05:00:00,4,train,1,0,1,0,0,0,0,0,0,0,0,0,0,0,0,0,0,0,0,0,0,0,0,0,0,0,0,0,0,0,0,0,0,0,0,0,0,0,0,0,0,0
SAMPLE_00070.wav,INCT20955_20190909_050000,12,15,INCT20955,2019-09-09 05:00:00,6,train,1,0,1,1,0,0,0,0,0,0,0,0,0,0,0,0,0,0,0,0,0,0,0,0,0,0,0,0,0,0,0,0,0,0,0,0,0,0,0,0,0,0
SAMPLE_00071.wav,INCT20955_20190909_050000,13,16,INCT20955,2019-09-09 05:00:00,6,train,1,0,1,1,0,0,0,0,0,0,0,0,0,0,0,0,0,0,0,0,0,0,0,0,0,0,0,0,0,0,0,0,0,0,0,0,0,0,0,0,0,0
SAMPLE_00072.wav,INCT20955_20190909_050000,14,17,INCT20955,2019-09-09 05:00:00,8,train,1,1,1,1,0,0,0,0,0,0,0,0,0,0,0,0,0,0,0,0,0,0,0,0,0,0,0,0,0,0,0,0,0,0,0,0,0,0,0,0,0,0
SAMPLE_00076.wav,INCT20955_20190909_050000,18,21,INCT20955,2019-09-09 05:00:00,6,train,1,0,1,1,0,0,0,0,0,0,0,0,0,0,0,0,0,0,0,0,0,0,0,0,0,0,0,0,0,0,0,0,0,0,0,0,0,0,0,0,0,0
SAMPLE_00077.wav,INCT20955_20190909_050000,19,22,INCT20955,2019-09-09 05:00:00,6,train,1,0,1,1,0,0,0,0,0,0,0,0,0,0,0,0,0,0,0,0,0,0,0,0,0,0,0,0,0,0,0,0,0,0,0,0,0,0,0,0,0,0
SAMPLE_00078.wav,INCT20955_20190909_050000,20,23,INCT20955,2019-09-09 05:00:00,8,train,1,1,1,1,0,0,0,0,0,0,0,0,0,0,0,0,0,0,0,0,0,0,0,0,0,0,0,0,0,0,0,0,0,0,0,0,0,0,0,0,0,0
SAMPLE_00081.wav,INCT20955_20190909_050000,23,26,INCT20955,2019-09-09 05:00:00,8,train,1,1,1,1,0,0,0,0,0,0,0,0,0,0,0,0,0,0,0,0,0,0,0,0,0,0,0,0,0,0,0,0,0,0,0,0,0,0,0,0,0,0
SAMPLE_00082.wav,INCT20955_20190909_050000,24,27,INCT20955,2019-09-09 05:00:00,4,train,0,0,1,1,0,0,0,0,0,0,0,0,0,0,0,0,0,0,0,0,0,0,0,0,0,0,0,0,0,0,0,0,0,0,0,0,0,0,0,0,0,0
SAMPLE_00083.wav,INCT20955_20190909_050000,25,28,INCT20955,2019-09-09 05:00:00,4,train,0,0,1,1,0,0,0,0,0,0,0,0,0,0,0,0,0,0,0,0,0,0,0,0,0,0,0,0,0,0,0,0,0,0,0,0,0,0,0,0,0,0
SAMPLE_00084.wav,INCT20955_20190909_050000,26,29,INCT20955,2019-09-09 05:00:00,4,train,0,0,1,1,0,0,0,0,0,0,0,0,0,0,0,0,0,0,0,0,0,0,0,0,0,0,0,0,0,0,0,0,0,0,0,0,0,0,0,0,0,0
SAMPLE_00174.wav,INCT20955_20190911_003000,0,3,INCT20955,2019-09-11 00:30:00,6,test,1,0,1,0,1,0,0,0,0,0,0,0,0,0,0,0,0,0,0,0,0,0,0,0,0,0,0,0,0,0,0,0,0,0,0,0,0,0,0,0,0,0
SAMPLE_00175.wav,INCT20955_20190911_003000,1,4,INCT20955,2019-09-11 00:30:00,6,test,1,0,1,0,1,0,0,0,0,0,0,0,0,0,0,0,0,0,0,0,0,0,0,0,0,0,0,0,0,0,0,0,0,0,0,0,0,0,0,0,0,0
SAMPLE_00176.wav,INCT20955_20190911_003000,2,5,INCT20955,2019-09-11 00:30:00,6,test,1,0,1,0,1,0,0,0,0,0,0,0,0,0,0,0,0,0,0,0,0,0,0,0,0,0,0,0,0,0,0,0,0,0,0,0,0,0,0,0,0,0
SAMPLE_00177.wav,INCT20955_20190911_003000,3,6,INCT20955,2019-09-11 00:30:00,6,test,1,0,1,0,1,0,0,0,0,0,0,0,0,0,0,0,0,0,0,0,0,0,0,0,0,0,0,0,0,0,0,0,0,0,0,0,0,0,0,0,0,0
SAMPLE_00178.wav,INCT20955_20190911_003000,4,7,INCT20955,2019-09-11 00:30:00,6,test,1,0,1,0,1,0,0,0,0,0,0,0,0,0,0,0,0,0,0,0,0,0,0,0,0,0,0,0,0,0,0,0,0,0,0,0,0,0,0,0,0,0
SAMPLE_00179.wav,INCT20955_20190911_003000,5,8,INCT20955,2019-09-11 00:30:00,8,test,1,0,1,1,1,0,0,0,0,0,0,0,0,0,0,0,0,0,0,0,0,0,0,0,0,0,0,0,0,0,0,0,0,0,0,0,0,0,0,0,0,0
SAMPLE_00180.wav,INCT20955_20190911_003000,6,9,INCT20955,2019-09-11 00:30:00,10,test,1,1,1,1,1,0,0,0,0,0,0,0,0,0,0,0,0,0,0,0,0,0,0,0,0,0,0,0,0,0,0,0,0,0,0,0,0,0,0,0,0,0
SAMPLE_00181.wav,INCT20955_20190911_003000,7,10,INCT20955,2019-09-11 00:30:00,10,test,1,1,1,1,1,0,0,0,0,0,0,0,0,0,0,0,0,0,0,0,0,0,0,0,0,0,0,0,0,0,0,0,0,0,0,0,0,0,0,0,0,0
SAMPLE_00182.wav,INCT20955_20190911_003000,8,11,INCT20955,2019-09-11 00:30:00,10,test,1,1,1,1,1,0,0,0,0,0,0,0,0,0,0,0,0,0,0,0,0,0,0,0,0,0,0,0,0,0,0,0,0,0,0,0,0,0,0,0,0,0
SAMPLE_00183.wav,INCT20955_20190911_003000,9,12,INCT20955,2019-09-11 00:30:00,8,test,1,1,1,0,1,0,0,0,0,0,0,0,0,0,0,0,0,0,0,0,0,0,0,0,0,0,0,0,0,0,0,0,0,0,0,0,0,0,0,0,0,0
SAMPLE_00754.wav,INCT20955_20190911_193000,0,3,INCT20955,2019-09-11 19:30:00,8,train,1,0,1,1,0,1,0,0,0,0,0,0,0,0,0,0,0,0,0,0,0,0,0,0,0,0,0,0,0,0,0,0,0,0,0,0,0,0,0,0,0,0
SAMPLE_00755.wav,INCT20955_20190911_193000,1,4,INCT20955,2019-09-11 19:30:00,8,train,1,0,1,1,0,1,0,0,0,0,0,0,0,0,0,0,0,0,0,0,0,0,0,0,0,0,0,0,0,0,0,0,0,0,0,0,0,0,0,0,0,0
SAMPLE_00756.wav,INCT20955_20190911_193000,2,5,INCT20955,2019-09-11 19:30:00,8,train,1,0,1,1,0,1,0,0,0,0,0,0,0,0,0,0,0,0,0,0,0,0,0,0,0,0,0,0,0,0,0,0,0,0,0,0,0,0,0,0,0,0
SAMPLE_00757.wav,INCT20955_20190911_193000,3,6,INCT20955,2019-09-11 19:30:00,8,train,1,0,1,1,0,1,0,0,0,0,0,0,0,0,0,0,0,0,0,0,0,0,0,0,0,0,0,0,0,0,0,0,0,0,0,0,0,0,0,0,0,0
SAMPLE_00758.wav,INCT20955_20190911_193000,4,7,INCT20955,2019-09-11 19:30:00,8,train,1,0,1,1,0,1,0,0,0,0,0,0,0,0,0,0,0,0,0,0,0,0,0,0,0,0,0,0,0,0,0,0,0,0,0,0,0,0,0,0,0,0
SAMPLE_00759.wav,INCT20955_20190911_193000,5,8,INCT20955,2019-09-11 19:30:00,10,train,1,0,1,1,1,1,0,0,0,0,0,0,0,0,0,0,0,0,0,0,0,0,0,0,0,0,0,0,0,0,0,0,0,0,0,0,0,0,0,0,0,0
SAMPLE_00760.wav,INCT20955_20190911_193000,6,9,INCT20955,2019-09-11 19:30:00,10,train,1,0,1,1,1,1,0,0,0,0,0,0,0,0,0,0,0,0,0,0,0,0,0,0,0,0,0,0,0,0,0,0,0,0,0,0,0,0,0,0,0,0
SAMPLE_00761.wav,INCT20955_20190911_193000,7,10,INCT20955,2019-09-11 19:30:00,10,train,1,0,1,1,1,1,0,0,0,0,0,0,0,0,0,0,0,0,0,0,0,0,0,0,0,0,0,0,0,0,0,0,0,0,0,0,0,0,0,0,0,0
SAMPLE_00762.wav,INCT20955_20190911_193000,8,11,INCT20955,2019-09-11 19:30:00,8,train,1,0,1,1,0,1,0,0,0,0,0,0,0,0,0,0,0,0,0,0,0,0,0,0,0,0,0,0,0,0,0,0,0,0,0,0,0,0,0,0,0,0
SAMPLE_00763.wav,INCT20955_20190911_193000,9,12,INCT20955,2019-09-11 19:30:00,8,train,1,0,1,1,0,1,0,0,0,0,0,0,0,0,0,0,0,0,0,0,0,0,0,0,0,0,0,0,0,0,0,0,0,0,0,0,0,0,0,0,0,0
SAMPLE_02204.wav,INCT20955_20190915_050000,0,3,INCT20955,2019-09-15 05:00:00,8,train,1,1,1,0,0,0,1,0,0,0,0,0,0,0,0,0,0,0,0,0,0,0,0,0,0,0,0,0,0,0,0,0,0,0,0,0,0,0,0,0,0,0
SAMPLE_02205.wav,INCT20955_20190915_050000,1,4,INCT20955,2019-09-15 05:00:00,6,train,1,0,1,0,0,0,1,0,0,0,0,0,0,0,0,0,0,0,0,0,0,0,0,0,0,0,0,0,0,0,0,0,0,0,0,0,0,0,0,0,0,0
SAMPLE_02206.wav,INCT20955_20190915_050000,2,5,INCT20955,2019-09-15 05:00:00,6,train,1,0,1,0,0,0,1,0,0,0,0,0,0,0,0,0,0,0,0,0,0,0,0,0,0,0,0,0,0,0,0,0,0,0,0,0,0,0,0,0,0,0
SAMPLE_02207.wav,INCT20955_20190915_050000,3,6,INCT20955,2019-09-15 05:00:00,8,train,1,1,1,0,0,0,1,0,0,0,0,0,0,0,0,0,0,0,0,0,0,0,0,0,0,0,0,0,0,0,0,0,0,0,0,0,0,0,0,0,0,0
SAMPLE_02208.wav,INCT20955_20190915_050000,4,7,INCT20955,2019-09-15 05:00:00,8,train,1,1,1,0,0,0,1,0,0,0,0,0,0,0,0,0,0,0,0,0,0,0,0,0,0,0,0,0,0,0,0,0,0,0,0,0,0,0,0,0,0,0
SAMPLE_02209.wav,INCT20955_20190915_050000,5,8,INCT20955,2019-09-15 05:00:00,8,train,1,1,1,0,0,0,1,0,0,0,0,0,0,0,0,0,0,0,0,0,0,0,0,0,0,0,0,0,0,0,0,0,0,0,0,0,0,0,0,0,0,0
SAMPLE_02210.wav,INCT20955_20190915_050000,6,9,INCT20955,2019-09-15 05:00:00,8,train,1,1,1,0,0,0,1,0,0,0,0,0,0,0,0,0,0,0,0,0,0,0,0,0,0,0,0,0,0,0,0,0,0,0,0,0,0,0,0,0,0,0
SAMPLE_02211.wav,INCT20955_20190915_050000,7,10,INCT20955,2019-09-15 05:00:00,8,train,1,1,1,0,0,0,1,0,0,0,0,0,0,0,0,0,0,0,0,0,0,0,0,0,0,0,0,0,0,0,0,0,0,0,0,0,0,0,0,0,0,0
SAMPLE_02212.wav,INCT20955_20190915_050000,8,11,INCT20955,2019-09-15 05:00:00,8,train,1,1,1,0,0,0,1,0,0,0,0,0,0,0,0,0,0,0,0,0,0,0,0,0,0,0,0,0,0,0,0,0,0,0,0,0,0,0,0,0,0,0
SAMPLE_02213.wav,INCT20955_20190915_050000,9,12,INCT20955,2019-09-15 05:00:00,8,train,1,1,1,0,0,0,1,0,0,0,0,0,0,0,0,0,0,0,0,0,0,0,0,0,0,0,0,0,0,0,0,0,0,0,0,0,0,0,0,0,0,0
SAMPLE_03724.wav,INCT20955_20190930_210000,12,15,INCT20955,2019-09-30 21:00:00,10,train,1,1,1,0,1,0,0,1,0,0,0,0,0,0,0,0,0,0,0,0,0,0,0,0,0,0,0,0,0,0,0,0,0,0,0,0,0,0,0,0,0,0
SAMPLE_03725.wav,INCT20955_20190930_210000,13,16,INCT20955,2019-09-30 21:00:00,10,train,1,1,1,0,1,0,0,1,0,0,0,0,0,0,0,0,0,0,0,0,0,0,0,0,0,0,0,0,0,0,0,0,0,0,0,0,0,0,0,0,0,0
SAMPLE_03726.wav,INCT20955_20190930_210000,14,17,INCT20955,2019-09-30 21:00:00,10,train,1,1,1,0,1,0,0,1,0,0,0,0,0,0,0,0,0,0,0,0,0,0,0,0,0,0,0,0,0,0,0,0,0,0,0,0,0,0,0,0,0,0
SAMPLE_03727.wav,INCT20955_20190930_210000,15,18,INCT20955,2019-09-30 21:00:00,10,train,1,1,1,0,1,0,0,1,0,0,0,0,0,0,0,0,0,0,0,0,0,0,0,0,0,0,0,0,0,0,0,0,0,0,0,0,0,0,0,0,0,0
SAMPLE_03730.wav,INCT20955_20190930_210000,18,21,INCT20955,2019-09-30 21:00:00,10,train,1,1,1,0,1,0,0,1,0,0,0,0,0,0,0,0,0,0,0,0,0,0,0,0,0,0,0,0,0,0,0,0,0,0,0,0,0,0,0,0,0,0
SAMPLE_03731.wav,INCT20955_20190930_210000,19,22,INCT20955,2019-09-30 21:00:00,10,train,1,1,1,0,1,0,0,1,0,0,0,0,0,0,0,0,0,0,0,0,0,0,0,0,0,0,0,0,0,0,0,0,0,0,0,0,0,0,0,0,0,0
SAMPLE_03732.wav,INCT20955_20190930_210000,20,23,INCT20955,2019-09-30 21:00:00,10,train,1,1,1,0,1,0,0,1,0,0,0,0,0,0,0,0,0,0,0,0,0,0,0,0,0,0,0,0,0,0,0,0,0,0,0,0,0,0,0,0,0,0
SAMPLE_03740.wav,INCT20955_20190930_210000,28,31,INCT20955,2019-09-30 21:00:00,10,train,1,1,1,0,1,0,0,1,0,0,0,0,0,0,0,0,0,0,0,0,0,0,0,0,0,0,0,0,0,0,0,0,0,0,0,0,0,0,0,0,0,0
SAMPLE_03741.wav,INCT20955_20190930_210000,29,32,INCT20955,2019-09-30 21:00:00,8,train,1,1,0,0,1,0,0,1,0,0,0,0,0,0,0,0,0,0,0,0,0,0,0,0,0,0,0,0,0,0,0,0,0,0,0,0,0,0,0,0,0,0
SAMPLE_03742.wav,INCT20955_20190930_210000,30,33,INCT20955,2019-09-30 21:00:00,8,train,1,1,0,0,1,0,0,1,0,0,0,0,0,0,0,0,0,0,0,0,0,0,0,0,0,0,0,0,0,0,0,0,0,0,0,0,0,0,0,0,0,0
SAMPLE_04872.wav,INCT20955_20191012_191500,0,3,INCT20955,2019-10-12 19:15:00,6,train,1,0,0,0,0,0,0,1,1,0,0,0,0,0,0,0,0,0,0,0,0,0,0,0,0,0,0,0,0,0,0,0,0,0,0,0,0,0,0,0,0,0
SAMPLE_04873.wav,INCT20955_20191012_191500,1,4,INCT20955,2019-10-12 19:15:00,6,train,1,0,0,0,0,0,0,1,1,0,0,0,0,0,0,0,0,0,0,0,0,0,0,0,0,0,0,0,0,0,0,0,0,0,0,0,0,0,0,0,0,0
SAMPLE_04874.wav,INCT20955_20191012_191500,2,5,INCT20955,2019-10-12 19:15:00,6,train,1,0,0,0,0,0,0,1,1,0,0,0,0,0,0,0,0,0,0,0,0,0,0,0,0,0,0,0,0,0,0,0,0,0,0,0,0,0,0,0,0,0
SAMPLE_04875.wav,INCT20955_20191012_191500,3,6,INCT20955,2019-10-12 19:15:00,6,train,1,0,0,0,0,0,0,1,1,0,0,0,0,0,0,0,0,0,0,0,0,0,0,0,0,0,0,0,0,0,0,0,0,0,0,0,0,0,0,0,0,0
SAMPLE_04876.wav,INCT20955_20191012_191500,4,7,INCT20955,2019-10-12 19:15:00,6,train,1,0,0,0,0,0,0,1,1,0,0,0,0,0,0,0,0,0,0,0,0,0,0,0,0,0,0,0,0,0,0,0,0,0,0,0,0,0,0,0,0,0
SAMPLE_04877.wav,INCT20955_20191012_191500,5,8,INCT20955,2019-10-12 19:15:00,6,train,1,0,0,0,0,0,0,1,1,0,0,0,0,0,0,0,0,0,0,0,0,0,0,0,0,0,0,0,0,0,0,0,0,0,0,0,0,0,0,0,0,0
SAMPLE_04878.wav,INCT20955_20191012_191500,6,9,INCT20955,2019-10-12 19:15:00,6,train,1,0,0,0,0,0,0,1,1,0,0,0,0,0,0,0,0,0,0,0,0,0,0,0,0,0,0,0,0,0,0,0,0,0,0,0,0,0,0,0,0,0
SAMPLE_04879.wav,INCT20955_20191012_191500,7,10,INCT20955,2019-10-12 19:15:00,6,train,1,0,0,0,0,0,0,1,1,0,0,0,0,0,0,0,0,0,0,0,0,0,0,0,0,0,0,0,0,0,0,0,0,0,0,0,0,0,0,0,0,0
SAMPLE_04880.wav,INCT20955_20191012_191500,8,11,INCT20955,2019-10-12 19:15:00,6,train,1,0,0,0,0,0,0,1,1,0,0,0,0,0,0,0,0,0,0,0,0,0,0,0,0,0,0,0,0,0,0,0,0,0,0,0,0,0,0,0,0,0
SAMPLE_04881.wav,INCT20955_20191012_191500,9,12,INCT20955,2019-10-12 19:15:00,8,train,1,0,0,0,1,0,0,1,1,0,0,0,0,0,0,0,0,0,0,0,0,0,0,0,0,0,0,0,0,0,0,0,0,0,0,0,0,0,0,0,0,0
SAMPLE_05109.wav,INCT20955_20191012_210000,5,8,INCT20955,2019-10-12 21:00:00,12,train,1,0,1,0,1,0,0,1,1,1,0,0,0,0,0,0,0,0,0,0,0,0,0,0,0,0,0,0,0,0,0,0,0,0,0,0,0,0,0,0,0,0
SAMPLE_05110.wav,INCT20955_20191012_210000,6,9,INCT20955,2019-10-12 21:00:00,10,train,1,0,1,0,0,0,0,1,1,1,0,0,0,0,0,0,0,0,0,0,0,0,0,0,0,0,0,0,0,0,0,0,0,0,0,0,0,0,0,0,0,0
SAMPLE_05111.wav,INCT20955_20191012_210000,7,10,INCT20955,2019-10-12 21:00:00,10,train,1,0,1,0,0,0,0,1,1,1,0,0,0,0,0,0,0,0,0,0,0,0,0,0,0,0,0,0,0,0,0,0,0,0,0,0,0,0,0,0,0,0
SAMPLE_05112.wav,INCT20955_20191012_210000,8,11,INCT20955,2019-10-12 21:00:00,8,train,1,0,0,0,0,0,0,1,1,1,0,0,0,0,0,0,0,0,0,0,0,0,0,0,0,0,0,0,0,0,0,0,0,0,0,0,0,0,0,0,0,0
SAMPLE_05113.wav,INCT20955_20191012_210000,9,12,INCT20955,2019-10-12 21:00:00,10,train,1,0,0,0,1,0,0,1,1,1,0,0,0,0,0,0,0,0,0,0,0,0,0,0,0,0,0,0,0,0,0,0,0,0,0,0,0,0,0,0,0,0
SAMPLE_05114.wav,INCT20955_20191012_210000,10,13,INCT20955,2019-10-12 21:00:00,10,train,1,0,0,0,1,0,0,1,1,1,0,0,0,0,0,0,0,0,0,0,0,0,0,0,0,0,0,0,0,0,0,0,0,0,0,0,0,0,0,0,0,0
SAMPLE_05115.wav,INCT20955_20191012_210000,11,14,INCT20955,2019-10-12 21:00:00,10,train,1,0,0,0,1,0,0,1,1,1,0,0,0,0,0,0,0,0,0,0,0,0,0,0,0,0,0,0,0,0,0,0,0,0,0,0,0,0,0,0,0,0
SAMPLE_05116.wav,INCT20955_20191012_210000,12,15,INCT20955,2019-10-12 21:00:00,10,train,1,0,0,0,1,0,0,1,1,1,0,0,0,0,0,0,0,0,0,0,0,0,0,0,0,0,0,0,0,0,0,0,0,0,0,0,0,0,0,0,0,0
SAMPLE_05117.wav,INCT20955_20191012_210000,13,16,INCT20955,2019-10-12 21:00:00,10,train,1,0,0,0,1,0,0,1,1,1,0,0,0,0,0,0,0,0,0,0,0,0,0,0,0,0,0,0,0,0,0,0,0,0,0,0,0,0,0,0,0,0
SAMPLE_05123.wav,INCT20955_20191012_210000,19,22,INCT20955,2019-10-12 21:00:00,10,train,1,0,0,0,1,0,0,1,1,1,0,0,0,0,0,0,0,0,0,0,0,0,0,0,0,0,0,0,0,0,0,0,0,0,0,0,0,0,0,0,0,0
SAMPLE_07020.wav,INCT20955_20191031_190000,2,5,INCT20955,2019-10-31 19:00:00,8,train,1,0,0,0,0,0,0,1,1,0,1,0,0,0,0,0,0,0,0,0,0,0,0,0,0,0,0,0,0,0,0,0,0,0,0,0,0,0,0,0,0,0
SAMPLE_07021.wav,INCT20955_20191031_190000,3,6,INCT20955,2019-10-31 19:00:00,10,train,1,0,1,0,0,0,0,1,1,0,1,0,0,0,0,0,0,0,0,0,0,0,0,0,0,0,0,0,0,0,0,0,0,0,0,0,0,0,0,0,0,0
SAMPLE_07022.wav,INCT20955_20191031_190000,4,7,INCT20955,2019-10-31 19:00:00,10,train,1,0,1,0,0,0,0,1,1,0,1,0,0,0,0,0,0,0,0,0,0,0,0,0,0,0,0,0,0,0,0,0,0,0,0,0,0,0,0,0,0,0
SAMPLE_07023.wav,INCT20955_20191031_190000,5,8,INCT20955,2019-10-31 19:00:00,10,train,1,0,1,0,0,0,0,1,1,0,1,0,0,0,0,0,0,0,0,0,0,0,0,0,0,0,0,0,0,0,0,0,0,0,0,0,0,0,0,0,0,0
SAMPLE_07024.wav,INCT20955_20191031_190000,6,9,INCT20955,2019-10-31 19:00:00,10,train,1,0,1,0,0,0,0,1,1,0,1,0,0,0,0,0,0,0,0,0,0,0,0,0,0,0,0,0,0,0,0,0,0,0,0,0,0,0,0,0,0,0
SAMPLE_07025.wav,INCT20955_20191031_190000,7,10,INCT20955,2019-10-31 19:00:00,10,train,1,0,1,0,0,0,0,1,1,0,1,0,0,0,0,0,0,0,0,0,0,0,0,0,0,0,0,0,0,0,0,0,0,0,0,0,0,0,0,0,0,0
SAMPLE_07026.wav,INCT20955_20191031_190000,8,11,INCT20955,2019-10-31 19:00:00,10,train,1,0,1,0,0,0,0,1,1,0,1,0,0,0,0,0,0,0,0,0,0,0,0,0,0,0,0,0,0,0,0,0,0,0,0,0,0,0,0,0,0,0
SAMPLE_07027.wav,INCT20955_20191031_190000,9,12,INCT20955,2019-10-31 19:00:00,10,train,1,0,1,0,0,0,0,1,1,0,1,0,0,0,0,0,0,0,0,0,0,0,0,0,0,0,0,0,0,0,0,0,0,0,0,0,0,0,0,0,0,0
SAMPLE_07028.wav,INCT20955_20191031_190000,10,13,INCT20955,2019-10-31 19:00:00,10,train,1,0,1,0,0,0,0,1,1,0,1,0,0,0,0,0,0,0,0,0,0,0,0,0,0,0,0,0,0,0,0,0,0,0,0,0,0,0,0,0,0,0
SAMPLE_07029.wav,INCT20955_20191031_190000,11,14,INCT20955,2019-10-31 19:00:00,10,train,1,0,1,0,0,0,0,1,1,0,1,0,0,0,0,0,0,0,0,0,0,0,0,0,0,0,0,0,0,0,0,0,0,0,0,0,0,0,0,0,0,0
SAMPLE_08897.wav,INCT20955_20191111_231500,51,54,INCT20955,2019-11-11 23:15:00,8,train,1,1,1,0,0,0,0,0,0,0,0,1,0,0,0,0,0,0,0,0,0,0,0,0,0,0,0,0,0,0,0,0,0,0,0,0,0,0,0,0,0,0
SAMPLE_08898.wav,INCT20955_20191111_231500,52,55,INCT20955,2019-11-11 23:15:00,8,train,1,1,1,0,0,0,0,0,0,0,0,1,0,0,0,0,0,0,0,0,0,0,0,0,0,0,0,0,0,0,0,0,0,0,0,0,0,0,0,0,0,0
SAMPLE_08899.wav,INCT20955_20191111_231500,53,56,INCT20955,2019-11-11 23:15:00,8,train,1,1,1,0,0,0,0,0,0,0,0,1,0,0,0,0,0,0,0,0,0,0,0,0,0,0,0,0,0,0,0,0,0,0,0,0,0,0,0,0,0,0
SAMPLE_08900.wav,INCT20955_20191111_231500,54,57,INCT20955,2019-11-11 23:15:00,8,train,1,1,1,0,0,0,0,0,0,0,0,1,0,0,0,0,0,0,0,0,0,0,0,0,0,0,0,0,0,0,0,0,0,0,0,0,0,0,0,0,0,0
SAMPLE_08901.wav,INCT20955_20191111_231500,55,58,INCT20955,2019-11-11 23:15:00,8,train,1,1,1,0,0,0,0,0,0,0,0,1,0,0,0,0,0,0,0,0,0,0,0,0,0,0,0,0,0,0,0,0,0,0,0,0,0,0,0,0,0,0
SAMPLE_08902.wav,INCT20955_20191111_231500,56,59,INCT20955,2019-11-11 23:15:00,6,train,1,0,1,0,0,0,0,0,0,0,0,1,0,0,0,0,0,0,0,0,0,0,0,0,0,0,0,0,0,0,0,0,0,0,0,0,0,0,0,0,0,0
SAMPLE_08903.wav,INCT20955_20191111_231500,57,60,INCT20955,2019-11-11 23:15:00,6,train,1,0,1,0,0,0,0,0,0,0,0,1,0,0,0,0,0,0,0,0,0,0,0,0,0,0,0,0,0,0,0,0,0,0,0,0,0,0,0,0,0,0
SAMPLE_08909.wav,INCT20955_20191111_233000,5,8,INCT20955,2019-11-11 23:30:00,10,test,1,1,1,0,1,0,0,0,0,0,0,1,0,0,0,0,0,0,0,0,0,0,0,0,0,0,0,0,0,0,0,0,0,0,0,0,0,0,0,0,0,0
SAMPLE_08910.wav,INCT20955_20191111_233000,6,9,INCT20955,2019-11-11 23:30:00,8,test,1,1,1,0,0,0,0,0,0,0,0,1,0,0,0,0,0,0,0,0,0,0,0,0,0,0,0,0,0,0,0,0,0,0,0,0,0,0,0,0,0,0
SAMPLE_08911.wav,INCT20955_20191111_233000,7,10,INCT20955,2019-11-11 23:30:00,6,test,0,1,1,0,0,0,0,0,0,0,0,1,0,0,0,0,0,0,0,0,0,0,0,0,0,0,0,0,0,0,0,0,0,0,0,0,0,0,0,0,0,0
SAMPLE_27316.wav,INCT41_20200126_190000,0,3,INCT41,2020-01-26 19:00:00,4,train,0,0,0,0,0,0,0,0,1,0,0,0,1,0,0,0,0,0,0,0,0,0,0,0,0,0,0,0,0,0,0,0,0,0,0,0,0,0,0,0,0,0
SAMPLE_27317.wav,INCT41_20200126_190000,1,4,INCT41,2020-01-26 19:00:00,4,train,0,0,0,0,0,0,0,0,1,0,0,0,1,0,0,0,0,0,0,0,0,0,0,0,0,0,0,0,0,0,0,0,0,0,0,0,0,0,0,0,0,0
SAMPLE_27318.wav,INCT41_20200126_190000,2,5,INCT41,2020-01-26 19:00:00,4,train,0,0,0,0,0,0,0,0,1,0,0,0,1,0,0,0,0,0,0,0,0,0,0,0,0,0,0,0,0,0,0,0,0,0,0,0,0,0,0,0,0,0
SAMPLE_27319.wav,INCT41_20200126_190000,3,6,INCT41,2020-01-26 19:00:00,6,train,0,0,0,0,0,0,0,0,1,0,0,0,1,1,0,0,0,0,0,0,0,0,0,0,0,0,0,0,0,0,0,0,0,0,0,0,0,0,0,0,0,0
SAMPLE_27320.wav,INCT41_20200126_190000,4,7,INCT41,2020-01-26 19:00:00,8,train,0,0,0,0,0,0,0,0,1,0,0,0,1,1,1,0,0,0,0,0,0,0,0,0,0,0,0,0,0,0,0,0,0,0,0,0,0,0,0,0,0,0
SAMPLE_27321.wav,INCT41_20200126_190000,5,8,INCT41,2020-01-26 19:00:00,8,train,0,0,0,0,0,0,0,0,1,0,0,0,1,1,1,0,0,0,0,0,0,0,0,0,0,0,0,0,0,0,0,0,0,0,0,0,0,0,0,0,0,0
SAMPLE_27322.wav,INCT41_20200126_190000,6,9,INCT41,2020-01-26 19:00:00,6,train,0,0,0,0,0,0,0,0,0,0,0,0,1,1,1,0,0,0,0,0,0,0,0,0,0,0,0,0,0,0,0,0,0,0,0,0,0,0,0,0,0,0
SAMPLE_27323.wav,INCT41_20200126_190000,7,10,INCT41,2020-01-26 19:00:00,4,train,0,0,0,0,0,0,0,0,0,0,0,0,1,1,0,0,0,0,0,0,0,0,0,0,0,0,0,0,0,0,0,0,0,0,0,0,0,0,0,0,0,0
SAMPLE_27324.wav,INCT41_20200126_190000,8,11,INCT41,2020-01-26 19:00:00,4,train,0,0,0,0,0,0,0,0,0,0,0,0,1,1,0,0,0,0,0,0,0,0,0,0,0,0,0,0,0,0,0,0,0,0,0,0,0,0,0,0,0,0
SAMPLE_27325.wav,INCT41_20200126_190000,9,12,INCT41,2020-01-26 19:00:00,4,train,0,0,0,0,0,0,0,0,0,0,0,0,1,1,0,0,0,0,0,0,0,0,0,0,0,0,0,0,0,0,0,0,0,0,0,0,0,0,0,0,0,0
SAMPLE_27326.wav,INCT41_20200126_190000,10,13,INCT41,2020-01-26 19:00:00,4,train,0,0,0,0,0,0,0,0,0,0,0,0,1,1,0,0,0,0,0,0,0,0,0,0,0,0,0,0,0,0,0,0,0,0,0,0,0,0,0,0,0,0
SAMPLE_27327.wav,INCT41_20200126_190000,11,14,INCT41,2020-01-26 19:00:00,4,train,0,0,0,0,0,0,0,0,0,0,0,0,1,1,0,0,0,0,0,0,0,0,0,0,0,0,0,0,0,0,0,0,0,0,0,0,0,0,0,0,0,0
SAMPLE_27328.wav,INCT41_20200126_190000,12,15,INCT41,2020-01-26 19:00:00,4,train,0,0,0,0,0,0,0,0,0,0,0,0,1,1,0,0,0,0,0,0,0,0,0,0,0,0,0,0,0,0,0,0,0,0,0,0,0,0,0,0,0,0
SAMPLE_27333.wav,INCT41_20200126_190000,17,20,INCT41,2020-01-26 19:00:00,6,train,0,0,0,0,0,0,0,0,0,0,0,0,1,1,1,0,0,0,0,0,0,0,0,0,0,0,0,0,0,0,0,0,0,0,0,0,0,0,0,0,0,0
SAMPLE_27334.wav,INCT41_20200126_190000,18,21,INCT41,2020-01-26 19:00:00,6,train,0,0,0,0,0,0,0,0,0,0,0,0,1,1,1,0,0,0,0,0,0,0,0,0,0,0,0,0,0,0,0,0,0,0,0,0,0,0,0,0,0,0
SAMPLE_27335.wav,INCT41_20200126_190000,19,22,INCT41,2020-01-26 19:00:00,4,train,0,0,0,0,0,0,0,0,0,0,0,0,0,1,1,0,0,0,0,0,0,0,0,0,0,0,0,0,0,0,0,0,0,0,0,0,0,0,0,0,0,0
SAMPLE_27336.wav,INCT41_20200126_190000,20,23,INCT41,2020-01-26 19:00:00,4,train,0,0,0,0,0,0,0,0,0,0,0,0,0,1,1,0,0,0,0,0,0,0,0,0,0,0,0,0,0,0,0,0,0,0,0,0,0,0,0,0,0,0
SAMPLE_27338.wav,INCT41_20200126_190000,22,25,INCT41,2020-01-26 19:00:00,4,train,0,0,0,0,0,0,0,0,0,0,0,0,0,1,1,0,0,0,0,0,0,0,0,0,0,0,0,0,0,0,0,0,0,0,0,0,0,0,0,0,0,0
SAMPLE_27339.wav,INCT41_20200126_190000,23,26,INCT41,2020-01-26 19:00:00,4,train,0,0,0,0,0,0,0,0,0,0,0,0,0,1,1,0,0,0,0,0,0,0,0,0,0,0,0,0,0,0,0,0,0,0,0,0,0,0,0,0,0,0
SAMPLE_27340.wav,INCT41_20200126_190000,24,27,INCT41,2020-01-26 19:00:00,4,train,0,0,0,0,0,0,0,0,0,0,0,0,0,1,1,0,0,0,0,0,0,0,0,0,0,0,0,0,0,0,0,0,0,0,0,0,0,0,0,0,0,0
SAMPLE_34060.wav,INCT41_20201015_203000,16,19,INCT41,2020-10-15 20:30:00,4,train,0,0,0,0,0,0,0,0,0,0,0,0,0,1,0,1,0,0,0,0,0,0,0,0,0,0,0,0,0,0,0,0,0,0,0,0,0,0,0,0,0,0
SAMPLE_34061.wav,INCT41_20201015_203000,17,20,INCT41,2020-10-15 20:30:00,4,train,0,0,0,0,0,0,0,0,0,0,0,0,0,1,0,1,0,0,0,0,0,0,0,0,0,0,0,0,0,0,0,0,0,0,0,0,0,0,0,0,0,0
SAMPLE_34062.wav,INCT41_20201015_203000,18,21,INCT41,2020-10-15 20:30:00,4,train,0,0,0,0,0,0,0,0,0,0,0,0,0,1,0,1,0,0,0,0,0,0,0,0,0,0,0,0,0,0,0,0,0,0,0,0,0,0,0,0,0,0
SAMPLE_34063.wav,INCT41_20201015_203000,19,22,INCT41,2020-10-15 20:30:00,4,train,0,0,0,0,0,0,0,0,0,0,0,0,0,1,0,1,0,0,0,0,0,0,0,0,0,0,0,0,0,0,0,0,0,0,0,0,0,0,0,0,0,0
SAMPLE_34064.wav,INCT41_20201015_203000,20,23,INCT41,2020-10-15 20:30:00,4,train,0,0,0,0,0,0,0,0,0,0,0,0,0,1,0,1,0,0,0,0,0,0,0,0,0,0,0,0,0,0,0,0,0,0,0,0,0,0,0,0,0,0
SAMPLE_34065.wav,INCT41_20201015_203000,21,24,INCT41,2020-10-15 20:30:00,4,train,0,0,0,0,0,0,0,0,0,0,0,0,0,1,0,1,0,0,0,0,0,0,0,0,0,0,0,0,0,0,0,0,0,0,0,0,0,0,0,0,0,0
SAMPLE_34066.wav,INCT41_20201015_203000,22,25,INCT41,2020-10-15 20:30:00,4,train,0,0,0,0,0,0,0,0,0,0,0,0,0,1,0,1,0,0,0,0,0,0,0,0,0,0,0,0,0,0,0,0,0,0,0,0,0,0,0,0,0,0
SAMPLE_34088.wav,INCT41_20201015_203000,44,47,INCT41,2020-10-15 20:30:00,4,train,0,0,0,0,0,0,0,0,0,0,0,0,0,1,0,1,0,0,0,0,0,0,0,0,0,0,0,0,0,0,0,0,0,0,0,0,0,0,0,0,0,0
SAMPLE_34089.wav,INCT41_20201015_203000,45,48,INCT41,2020-10-15 20:30:00,4,train,0,0,0,0,0,0,0,0,0,0,0,0,0,1,0,1,0,0,0,0,0,0,0,0,0,0,0,0,0,0,0,0,0,0,0,0,0,0,0,0,0,0
SAMPLE_34090.wav,INCT41_20201015_203000,46,49,INCT41,2020-10-15 20:30:00,6,train,0,0,0,0,0,0,0,0,0,0,0,0,0,1,1,1,0,0,0,0,0,0,0,0,0,0,0,0,0,0,0,0,0,0,0,0,0,0,0,0,0,0
SAMPLE_35110.wav,INCT41_20201021_000000,22,25,INCT41,2020-10-21 00:00:00,2,train,0,0,0,0,0,0,0,0,0,0,0,0,0,0,0,0,1,0,0,0,0,0,0,0,0,0,0,0,0,0,0,0,0,0,0,0,0,0,0,0,0,0
SAMPLE_35111.wav,INCT41_20201021_000000,23,26,INCT41,2020-10-21 00:00:00,2,train,0,0,0,0,0,0,0,0,0,0,0,0,0,0,0,0,1,0,0,0,0,0,0,0,0,0,0,0,0,0,0,0,0,0,0,0,0,0,0,0,0,0
SAMPLE_35112.wav,INCT41_20201021_000000,24,27,INCT41,2020-10-21 00:00:00,2,train,0,0,0,0,0,0,0,0,0,0,0,0,0,0,0,0,1,0,0,0,0,0,0,0,0,0,0,0,0,0,0,0,0,0,0,0,0,0,0,0,0,0
SAMPLE_35113.wav,INCT41_20201021_000000,25,28,INCT41,2020-10-21 00:00:00,2,train,0,0,0,0,0,0,0,0,0,0,0,0,0,0,0,0,1,0,0,0,0,0,0,0,0,0,0,0,0,0,0,0,0,0,0,0,0,0,0,0,0,0
SAMPLE_35119.wav,INCT41_20201021_000000,31,34,INCT41,2020-10-21 00:00:00,2,train,0,0,0,0,0,0,0,0,0,0,0,0,0,0,0,0,1,0,0,0,0,0,0,0,0,0,0,0,0,0,0,0,0,0,0,0,0,0,0,0,0,0
SAMPLE_35120.wav,INCT41_20201021_000000,32,35,INCT41,2020-10-21 00:00:00,2,train,0,0,0,0,0,0,0,0,0,0,0,0,0,0,0,0,1,0,0,0,0,0,0,0,0,0,0,0,0,0,0,0,0,0,0,0,0,0,0,0,0,0
SAMPLE_35121.wav,INCT41_20201021_000000,33,36,INCT41,2020-10-21 00:00:00,2,train,0,0,0,0,0,0,0,0,0,0,0,0,0,0,0,0,1,0,0,0,0,0,0,0,0,0,0,0,0,0,0,0,0,0,0,0,0,0,0,0,0,0
SAMPLE_35122.wav,INCT41_20201021_000000,34,37,INCT41,2020-10-21 00:00:00,2,train,0,0,0,0,0,0,0,0,0,0,0,0,0,0,0,0,1,0,0,0,0,0,0,0,0,0,0,0,0,0,0,0,0,0,0,0,0,0,0,0,0,0
SAMPLE_35135.wav,INCT41_20201021_000000,47,50,INCT41,2020-10-21 00:00:00,2,train,0,0,0,0,0,0,0,0,0,0,0,0,0,0,0,0,1,0,0,0,0,0,0,0,0,0,0,0,0,0,0,0,0,0,0,0,0,0,0,0,0,0
SAMPLE_35136.wav,INCT41_20201021_000000,48,51,INCT41,2020-10-21 00:00:00,2,train,0,0,0,0,0,0,0,0,0,0,0,0,0,0,0,0,1,0,0,0,0,0,0,0,0,0,0,0,0,0,0,0,0,0,0,0,0,0,0,0,0,0
SAMPLE_48486.wav,INCT17_20191113_040000,0,3,INCT17,2019-11-13 04:00:00,2,train,0,0,0,0,0,0,0,0,0,0,0,0,0,0,0,0,0,1,0,0,0,0,0,0,0,0,0,0,0,0,0,0,0,0,0,0,0,0,0,0,0,0
SAMPLE_48487.wav,INCT17_20191113_040000,1,4,INCT17,2019-11-13 04:00:00,2,train,0,0,0,0,0,0,0,0,0,0,0,0,0,0,0,0,0,1,0,0,0,0,0,0,0,0,0,0,0,0,0,0,0,0,0,0,0,0,0,0,0,0
SAMPLE_48488.wav,INCT17_20191113_040000,2,5,INCT17,2019-11-13 04:00:00,2,train,0,0,0,0,0,0,0,0,0,0,0,0,0,0,0,0,0,1,0,0,0,0,0,0,0,0,0,0,0,0,0,0,0,0,0,0,0,0,0,0,0,0
SAMPLE_48489.wav,INCT17_20191113_040000,3,6,INCT17,2019-11-13 04:00:00,2,train,0,0,0,0,0,0,0,0,0,0,0,0,0,0,0,0,0,1,0,0,0,0,0,0,0,0,0,0,0,0,0,0,0,0,0,0,0,0,0,0,0,0
SAMPLE_48490.wav,INCT17_20191113_040000,4,7,INCT17,2019-11-13 04:00:00,2,train,0,0,0,0,0,0,0,0,0,0,0,0,0,0,0,0,0,1,0,0,0,0,0,0,0,0,0,0,0,0,0,0,0,0,0,0,0,0,0,0,0,0
SAMPLE_48491.wav,INCT17_20191113_040000,5,8,INCT17,2019-11-13 04:00:00,2,train,0,0,0,0,0,0,0,0,0,0,0,0,0,0,0,0,0,1,0,0,0,0,0,0,0,0,0,0,0,0,0,0,0,0,0,0,0,0,0,0,0,0
SAMPLE_48492.wav,INCT17_20191113_040000,6,9,INCT17,2019-11-13 04:00:00,2,train,0,0,0,0,0,0,0,0,0,0,0,0,0,0,0,0,0,1,0,0,0,0,0,0,0,0,0,0,0,0,0,0,0,0,0,0,0,0,0,0,0,0
SAMPLE_48493.wav,INCT17_20191113_040000,7,10,INCT17,2019-11-13 04:00:00,4,train,0,0,0,0,0,0,0,0,0,0,0,0,0,0,0,0,0,1,1,0,0,0,0,0,0,0,0,0,0,0,0,0,0,0,0,0,0,0,0,0,0,0
SAMPLE_48494.wav,INCT17_20191113_040000,8,11,INCT17,2019-11-13 04:00:00,4,train,0,0,0,0,0,0,0,0,0,0,0,0,0,0,0,0,0,1,1,0,0,0,0,0,0,0,0,0,0,0,0,0,0,0,0,0,0,0,0,0,0,0
SAMPLE_48495.wav,INCT17_20191113_040000,9,12,INCT17,2019-11-13 04:00:00,4,train,0,0,0,0,0,0,0,0,0,0,0,0,0,0,0,0,0,1,1,0,0,0,0,0,0,0,0,0,0,0,0,0,0,0,0,0,0,0,0,0,0,0
SAMPLE_48496.wav,INCT17_20191113_040000,10,13,INCT17,2019-11-13 04:00:00,4,train,0,0,0,0,0,0,0,0,0,0,0,0,0,0,0,0,0,1,1,0,0,0,0,0,0,0,0,0,0,0,0,0,0,0,0,0,0,0,0,0,0,0
SAMPLE_48502.wav,INCT17_20191113_040000,16,19,INCT17,2019-11-13 04:00:00,6,train,0,0,0,0,0,0,0,0,0,0,0,0,0,0,0,0,1,1,1,0,0,0,0,0,0,0,0,0,0,0,0,0,0,0,0,0,0,0,0,0,0,0
SAMPLE_48503.wav,INCT17_20191113_040000,17,20,INCT17,2019-11-13 04:00:00,6,train,0,0,0,0,0,0,0,0,0,0,0,0,0,0,0,0,1,1,1,0,0,0,0,0,0,0,0,0,0,0,0,0,0,0,0,0,0,0,0,0,0,0
SAMPLE_48504.wav,INCT17_20191113_040000,18,21,INCT17,2019-11-13 04:00:00,6,train,0,0,0,0,0,0,0,0,0,0,0,0,0,0,0,0,1,1,1,0,0,0,0,0,0,0,0,0,0,0,0,0,0,0,0,0,0,0,0,0,0,0
SAMPLE_48524.wav,INCT17_20191113_040000,38,41,INCT17,2019-11-13 04:00:00,6,train,0,0,0,0,0,0,0,0,0,0,0,0,0,0,0,0,1,1,1,0,0,0,0,0,0,0,0,0,0,0,0,0,0,0,0,0,0,0,0,0,0,0
SAMPLE_48525.wav,INCT17_20191113_040000,39,42,INCT17,2019-11-13 04:00:00,6,train,0,0,0,0,0,0,0,0,0,0,0,0,0,0,0,0,1,1,1,0,0,0,0,0,0,0,0,0,0,0,0,0,0,0,0,0,0,0,0,0,0,0
SAMPLE_48526.wav,INCT17_20191113_040000,40,43,INCT17,2019-11-13 04:00:00,6,train,0,0,0,0,0,0,0,0,0,0,0,0,0,0,0,0,1,1,1,0,0,0,0,0,0,0,0,0,0,0,0,0,0,0,0,0,0,0,0,0,0,0
SAMPLE_48776.wav,INCT17_20191205_181500,0,3,INCT17,2019-12-05 18:15:00,6,train,0,0,0,0,0,0,0,0,0,0,0,0,0,0,0,0,0,0,0,1,1,1,0,0,0,0,0,0,0,0,0,0,0,0,0,0,0,0,0,0,0,0
SAMPLE_48777.wav,INCT17_20191205_181500,1,4,INCT17,2019-12-05 18:15:00,6,train,0,0,0,0,0,0,0,0,0,0,0,0,0,0,0,0,0,0,0,1,1,1,0,0,0,0,0,0,0,0,0,0,0,0,0,0,0,0,0,0,0,0
SAMPLE_48778.wav,INCT17_20191205_181500,2,5,INCT17,2019-12-05 18:15:00,6,train,0,0,0,0,0,0,0,0,0,0,0,0,0,0,0,0,0,0,0,1,1,1,0,0,0,0,0,0,0,0,0,0,0,0,0,0,0,0,0,0,0,0
SAMPLE_48779.wav,INCT17_20191205_181500,3,6,INCT17,2019-12-05 18:15:00,8,train,0,0,0,0,0,0,0,0,0,0,0,0,0,0,0,0,0,0,1,1,1,1,0,0,0,0,0,0,0,0,0,0,0,0,0,0,0,0,0,0,0,0
SAMPLE_48780.wav,INCT17_20191205_181500,4,7,INCT17,2019-12-05 18:15:00,8,train,0,0,0,0,0,0,0,0,0,0,0,0,0,0,0,0,0,0,1,1,1,1,0,0,0,0,0,0,0,0,0,0,0,0,0,0,0,0,0,0,0,0
SAMPLE_48781.wav,INCT17_20191205_181500,5,8,INCT17,2019-12-05 18:15:00,8,train,0,0,0,0,0,0,0,0,0,0,0,0,0,0,0,0,0,0,1,1,1,1,0,0,0,0,0,0,0,0,0,0,0,0,0,0,0,0,0,0,0,0
SAMPLE_48782.wav,INCT17_20191205_181500,6,9,INCT17,2019-12-05 18:15:00,8,train,0,0,0,0,0,0,0,0,0,0,0,0,0,0,0,0,0,0,1,1,1,1,0,0,0,0,0,0,0,0,0,0,0,0,0,0,0,0,0,0,0,0
SAMPLE_48783.wav,INCT17_20191205_181500,7,10,INCT17,2019-12-05 18:15:00,8,train,0,0,0,0,0,0,0,0,0,0,0,0,0,0,0,0,0,0,1,1,1,1,0,0,0,0,0,0,0,0,0,0,0,0,0,0,0,0,0,0,0,0
SAMPLE_48784.wav,INCT17_20191205_181500,8,11,INCT17,2019-12-05 18:15:00,8,train,0,0,0,0,0,0,0,0,0,0,0,0,0,0,0,0,0,0,1,1,1,1,0,0,0,0,0,0,0,0,0,0,0,0,0,0,0,0,0,0,0,0
SAMPLE_48785.wav,INCT17_20191205_181500,9,12,INCT17,2019-12-05 18:15:00,8,train,0,0,0,0,0,0,0,0,0,0,0,0,0,0,0,0,0,0,1,1,1,1,0,0,0,0,0,0,0,0,0,0,0,0,0,0,0,0,0,0,0,0
SAMPLE_48834.wav,INCT17_20191205_191500,0,3,INCT17,2019-12-05 19:15:00,14,test,0,0,0,0,0,0,0,0,0,1,0,0,0,0,0,0,1,0,1,1,0,1,1,1,0,0,0,0,0,0,0,0,0,0,0,0,0,0,0,0,0,0
SAMPLE_48835.wav,INCT17_20191205_191500,1,4,INCT17,2019-12-05 19:15:00,12,test,0,0,0,0,0,0,0,0,0,1,0,0,0,0,0,0,1,0,0,1,0,1,1,1,0,0,0,0,0,0,0,0,0,0,0,0,0,0,0,0,0,0
SAMPLE_48836.wav,INCT17_20191205_191500,2,5,INCT17,2019-12-05 19:15:00,10,test,0,0,0,0,0,0,0,0,0,0,0,0,0,0,0,0,1,0,0,1,0,1,1,1,0,0,0,0,0,0,0,0,0,0,0,0,0,0,0,0,0,0
SAMPLE_48837.wav,INCT17_20191205_191500,3,6,INCT17,2019-12-05 19:15:00,10,test,0,0,0,0,0,0,0,0,0,0,0,0,0,0,0,0,1,0,0,1,0,1,1,1,0,0,0,0,0,0,0,0,0,0,0,0,0,0,0,0,0,0
SAMPLE_48838.wav,INCT17_20191205_191500,4,7,INCT17,2019-12-05 19:15:00,10,test,0,0,0,0,0,0,0,0,0,0,0,0,0,0,0,0,1,0,0,1,0,1,1,1,0,0,0,0,0,0,0,0,0,0,0,0,0,0,0,0,0,0
SAMPLE_48839.wav,INCT17_20191205_191500,5,8,INCT17,2019-12-05 19:15:00,12,test,0,0,0,0,0,0,0,0,0,0,0,0,0,0,0,0,1,0,1,1,0,1,1,1,0,0,0,0,0,0,0,0,0,0,0,0,0,0,0,0,0,0
SAMPLE_48840.wav,INCT17_20191205_191500,6,9,INCT17,2019-12-05 19:15:00,14,test,0,0,0,0,0,0,0,0,0,0,0,0,0,0,0,0,1,0,1,1,1,1,1,1,0,0,0,0,0,0,0,0,0,0,0,0,0,0,0,0,0,0
SAMPLE_48841.wav,INCT17_20191205_191500,7,10,INCT17,2019-12-05 19:15:00,14,test,0,0,0,0,0,0,0,0,0,0,0,0,0,0,0,0,1,0,1,1,1,1,1,1,0,0,0,0,0,0,0,0,0,0,0,0,0,0,0,0,0,0
SAMPLE_48842.wav,INCT17_20191205_191500,8,11,INCT17,2019-12-05 19:15:00,14,test,0,0,0,0,0,0,0,0,0,0,0,0,0,0,0,0,1,0,1,1,1,1,1,1,0,0,0,0,0,0,0,0,0,0,0,0,0,0,0,0,0,0
SAMPLE_48843.wav,INCT17_20191205_191500,9,12,INCT17,2019-12-05 19:15:00,12,test,0,0,0,0,0,0,0,0,0,0,0,0,0,0,0,0,1,0,1,1,0,1,1,1,0,0,0,0,0,0,0,0,0,0,0,0,0,0,0,0,0,0
SAMPLE_48892.wav,INCT17_20191205_201500,0,3,INCT17,2019-12-05 20:15:00,14,train,0,0,0,0,0,0,0,0,0,1,0,0,0,0,0,0,0,1,1,1,0,1,0,1,1,0,0,0,0,0,0,0,0,0,0,0,0,0,0,0,0,0
SAMPLE_48893.wav,INCT17_20191205_201500,1,4,INCT17,2019-12-05 20:15:00,14,train,0,0,0,0,0,0,0,0,0,1,0,0,0,0,0,0,0,1,1,1,0,1,0,1,1,0,0,0,0,0,0,0,0,0,0,0,0,0,0,0,0,0
SAMPLE_48894.wav,INCT17_20191205_201500,2,5,INCT17,2019-12-05 20:15:00,14,train,0,0,0,0,0,0,0,0,0,1,0,0,0,0,0,0,0,1,1,1,0,1,0,1,1,0,0,0,0,0,0,0,0,0,0,0,0,0,0,0,0,0
SAMPLE_48895.wav,INCT17_20191205_201500,3,6,INCT17,2019-12-05 20:15:00,10,train,0,0,0,0,0,0,0,0,0,0,0,0,0,0,0,0,0,1,0,1,0,1,0,1,1,0,0,0,0,0,0,0,0,0,0,0,0,0,0,0,0,0
SAMPLE_48896.wav,INCT17_20191205_201500,4,7,INCT17,2019-12-05 20:15:00,10,train,0,0,0,0,0,0,0,0,0,0,0,0,0,0,0,0,0,1,0,1,0,1,0,1,1,0,0,0,0,0,0,0,0,0,0,0,0,0,0,0,0,0
SAMPLE_48897.wav,INCT17_20191205_201500,5,8,INCT17,2019-12-05 20:15:00,10,train,0,0,0,0,0,0,0,0,0,0,0,0,0,0,0,0,0,1,0,1,0,1,0,1,1,0,0,0,0,0,0,0,0,0,0,0,0,0,0,0,0,0
SAMPLE_48898.wav,INCT17_20191205_201500,6,9,INCT17,2019-12-05 20:15:00,8,train,0,0,0,0,0,0,0,0,0,0,0,0,0,0,0,0,0,0,0,1,0,1,0,1,1,0,0,0,0,0,0,0,0,0,0,0,0,0,0,0,0,0
SAMPLE_48899.wav,INCT17_20191205_201500,7,10,INCT17,2019-12-05 20:15:00,10,train,0,0,0,0,0,0,0,0,0,0,0,0,0,0,0,0,1,0,0,1,0,1,0,1,1,0,0,0,0,0,0,0,0,0,0,0,0,0,0,0,0,0
SAMPLE_48900.wav,INCT17_20191205_201500,8,11,INCT17,2019-12-05 20:15:00,12,train,0,0,0,0,0,0,0,0,0,1,0,0,0,0,0,0,1,0,0,1,0,1,0,1,1,0,0,0,0,0,0,0,0,0,0,0,0,0,0,0,0,0
SAMPLE_48901.wav,INCT17_20191205_201500,9,12,INCT17,2019-12-05 20:15:00,12,train,0,0,0,0,0,0,0,0,0,1,0,0,0,0,0,0,1,0,0,1,0,1,0,1,1,0,0,0,0,0,0,0,0,0,0,0,0,0,0,0,0,0
SAMPLE_49182.wav,INCT17_20191206_174500,0,3,INCT17,2019-12-06 17:45:00,6,train,0,0,0,0,0,0,0,0,0,0,0,0,0,0,0,0,0,0,1,0,1,0,0,0,0,1,0,0,0,0,0,0,0,0,0,0,0,0,0,0,0,0
SAMPLE_49183.wav,INCT17_20191206_174500,1,4,INCT17,2019-12-06 17:45:00,6,train,0,0,0,0,0,0,0,0,0,0,0,0,0,0,0,0,0,0,1,0,1,0,0,0,0,1,0,0,0,0,0,0,0,0,0,0,0,0,0,0,0,0
SAMPLE_49184.wav,INCT17_20191206_174500,2,5,INCT17,2019-12-06 17:45:00,6,train,0,0,0,0,0,0,0,0,0,0,0,0,0,0,0,0,0,0,1,0,1,0,0,0,0,1,0,0,0,0,0,0,0,0,0,0,0,0,0,0,0,0
SAMPLE_49186.wav,INCT17_20191206_174500,4,7,INCT17,2019-12-06 17:45:00,6,train,0,0,0,0,0,0,0,0,0,0,0,0,0,0,0,0,0,0,1,0,1,0,0,0,0,1,0,0,0,0,0,0,0,0,0,0,0,0,0,0,0,0
SAMPLE_49187.wav,INCT17_20191206_174500,5,8,INCT17,2019-12-06 17:45:00,4,train,0,0,0,0,0,0,0,0,0,0,0,0,0,0,0,0,0,0,0,0,1,0,0,0,0,1,0,0,0,0,0,0,0,0,0,0,0,0,0,0,0,0
SAMPLE_49188.wav,INCT17_20191206_174500,6,9,INCT17,2019-12-06 17:45:00,6,train,0,0,0,0,0,0,0,0,0,0,0,0,0,0,0,0,0,0,1,0,1,0,0,0,0,1,0,0,0,0,0,0,0,0,0,0,0,0,0,0,0,0
SAMPLE_49189.wav,INCT17_20191206_174500,7,10,INCT17,2019-12-06 17:45:00,6,train,0,0,0,0,0,0,0,0,0,0,0,0,0,0,0,0,0,0,1,0,1,0,0,0,0,1,0,0,0,0,0,0,0,0,0,0,0,0,0,0,0,0
SAMPLE_49190.wav,INCT17_20191206_174500,8,11,INCT17,2019-12-06 17:45:00,6,train,0,0,0,0,0,0,0,0,0,0,0,0,0,0,0,0,0,0,1,0,1,0,0,0,0,1,0,0,0,0,0,0,0,0,0,0,0,0,0,0,0,0
SAMPLE_49191.wav,INCT17_20191206_174500,9,12,INCT17,2019-12-06 17:45:00,4,train,0,0,0,0,0,0,0,0,0,0,0,0,0,0,0,0,0,0,0,0,1,0,0,0,0,1,0,0,0,0,0,0,0,0,0,0,0,0,0,0,0,0
SAMPLE_49192.wav,INCT17_20191206_174500,10,13,INCT17,2019-12-06 17:45:00,4,train,0,0,0,0,0,0,0,0,0,0,0,0,0,0,0,0,0,0,0,0,1,0,0,0,0,1,0,0,0,0,0,0,0,0,0,0,0,0,0,0,0,0
SAMPLE_49356.wav,INCT17_20191209_174500,0,3,INCT17,2019-12-09 17:45:00,4,train,0,0,0,0,0,0,0,0,0,0,0,0,0,0,0,0,0,0,0,0,1,0,0,0,0,0,1,0,0,0,0,0,0,0,0,0,0,0,0,0,0,0
SAMPLE_49357.wav,INCT17_20191209_174500,1,4,INCT17,2019-12-09 17:45:00,4,train,0,0,0,0,0,0,0,0,0,0,0,0,0,0,0,0,0,0,0,0,1,0,0,0,0,0,1,0,0,0,0,0,0,0,0,0,0,0,0,0,0,0
SAMPLE_49358.wav,INCT17_20191209_174500,2,5,INCT17,2019-12-09 17:45:00,6,train,0,0,0,0,0,0,0,0,0,1,0,0,0,0,0,0,0,0,0,0,1,0,0,0,0,0,1,0,0,0,0,0,0,0,0,0,0,0,0,0,0,0
SAMPLE_49359.wav,INCT17_20191209_174500,3,6,INCT17,2019-12-09 17:45:00,6,train,0,0,0,0,0,0,0,0,0,1,0,0,0,0,0,0,0,0,0,0,1,0,0,0,0,0,1,0,0,0,0,0,0,0,0,0,0,0,0,0,0,0
SAMPLE_49360.wav,INCT17_20191209_174500,4,7,INCT17,2019-12-09 17:45:00,6,train,0,0,0,0,0,0,0,0,0,1,0,0,0,0,0,0,0,0,0,0,1,0,0,0,0,0,1,0,0,0,0,0,0,0,0,0,0,0,0,0,0,0
SAMPLE_49361.wav,INCT17_20191209_174500,5,8,INCT17,2019-12-09 17:45:00,4,train,0,0,0,0,0,0,0,0,0,0,0,0,0,0,0,0,0,0,0,0,1,0,0,0,0,0,1,0,0,0,0,0,0,0,0,0,0,0,0,0,0,0
SAMPLE_49362.wav,INCT17_20191209_174500,6,9,INCT17,2019-12-09 17:45:00,4,train,0,0,0,0,0,0,0,0,0,0,0,0,0,0,0,0,0,0,0,0,1,0,0,0,0,0,1,0,0,0,0,0,0,0,0,0,0,0,0,0,0,0
SAMPLE_49363.wav,INCT17_20191209_174500,7,10,INCT17,2019-12-09 17:45:00,4,train,0,0,0,0,0,0,0,0,0,0,0,0,0,0,0,0,0,0,0,0,1,0,0,0,0,0,1,0,0,0,0,0,0,0,0,0,0,0,0,0,0,0
SAMPLE_49364.wav,INCT17_20191209_174500,8,11,INCT17,2019-12-09 17:45:00,6,train,0,0,0,0,0,0,0,0,0,1,0,0,0,0,0,0,0,0,0,0,1,0,0,0,0,0,1,0,0,0,0,0,0,0,0,0,0,0,0,0,0,0
SAMPLE_49365.wav,INCT17_20191209_174500,9,12,INCT17,2019-12-09 17:45:00,6,train,0,0,0,0,0,0,0,0,0,1,0,0,0,0,0,0,0,0,0,0,1,0,0,0,0,0,1,0,0,0,0,0,0,0,0,0,0,0,0,0,0,0
SAMPLE_50458.wav,INCT17_20191218_180000,0,3,INCT17,2019-12-18 18:00:00,4,train,0,0,0,0,0,0,0,0,0,0,0,0,0,0,0,0,0,0,0,0,1,0,0,0,0,0,0,1,0,0,0,0,0,0,0,0,0,0,0,0,0,0
SAMPLE_50459.wav,INCT17_20191218_180000,1,4,INCT17,2019-12-18 18:00:00,4,train,0,0,0,0,0,0,0,0,0,0,0,0,0,0,0,0,0,0,0,0,1,0,0,0,0,0,0,1,0,0,0,0,0,0,0,0,0,0,0,0,0,0
SAMPLE_50460.wav,INCT17_20191218_180000,2,5,INCT17,2019-12-18 18:00:00,4,train,0,0,0,0,0,0,0,0,0,0,0,0,0,0,0,0,0,0,0,0,1,0,0,0,0,0,0,1,0,0,0,0,0,0,0,0,0,0,0,0,0,0
SAMPLE_50461.wav,INCT17_20191218_180000,3,6,INCT17,2019-12-18 18:00:00,4,train,0,0,0,0,0,0,0,0,0,0,0,0,0,0,0,0,0,0,0,0,1,0,0,0,0,0,0,1,0,0,0,0,0,0,0,0,0,0,0,0,0,0
SAMPLE_50462.wav,INCT17_20191218_180000,4,7,INCT17,2019-12-18 18:00:00,4,train,0,0,0,0,0,0,0,0,0,0,0,0,0,0,0,0,0,0,0,0,1,0,0,0,0,0,0,1,0,0,0,0,0,0,0,0,0,0,0,0,0,0
SAMPLE_50463.wav,INCT17_20191218_180000,5,8,INCT17,2019-12-18 18:00:00,4,train,0,0,0,0,0,0,0,0,0,0,0,0,0,0,0,0,0,0,0,0,1,0,0,0,0,0,0,1,0,0,0,0,0,0,0,0,0,0,0,0,0,0
SAMPLE_50464.wav,INCT17_20191218_180000,6,9,INCT17,2019-12-18 18:00:00,4,train,0,0,0,0,0,0,0,0,0,0,0,0,0,0,0,0,0,0,0,0,1,0,0,0,0,0,0,1,0,0,0,0,0,0,0,0,0,0,0,0,0,0
SAMPLE_50465.wav,INCT17_20191218_180000,7,10,INCT17,2019-12-18 18:00:00,4,train,0,0,0,0,0,0,0,0,0,0,0,0,0,0,0,0,0,0,0,0,1,0,0,0,0,0,0,1,0,0,0,0,0,0,0,0,0,0,0,0,0,0
SAMPLE_50466.wav,INCT17_20191218_180000,8,11,INCT17,2019-12-18 18:00:00,4,train,0,0,0,0,0,0,0,0,0,0,0,0,0,0,0,0,0,0,0,0,1,0,0,0,0,0,0,1,0,0,0,0,0,0,0,0,0,0,0,0,0,0
SAMPLE_50467.wav,INCT17_20191218_180000,9,12,INCT17,2019-12-18 18:00:00,4,train,0,0,0,0,0,0,0,0,0,0,0,0,0,0,0,0,0,0,0,0,1,0,0,0,0,0,0,1,0,0,0,0,0,0,0,0,0,0,0,0,0,0
SAMPLE_52870.wav,INCT17_20200107_180000,34,37,INCT17,2020-01-07 18:00:00,6,train,0,0,0,0,0,0,0,0,0,0,0,0,0,0,0,0,0,0,0,0,1,0,0,0,0,0,1,0,1,0,0,0,0,0,0,0,0,0,0,0,0,0
SAMPLE_52871.wav,INCT17_20200107_180000,35,38,INCT17,2020-01-07 18:00:00,6,train,0,0,0,0,0,0,0,0,0,0,0,0,0,0,0,0,0,0,0,0,1,0,0,0,0,0,1,0,1,0,0,0,0,0,0,0,0,0,0,0,0,0
SAMPLE_52872.wav,INCT17_20200107_180000,36,39,INCT17,2020-01-07 18:00:00,6,train,0,0,0,0,0,0,0,0,0,0,0,0,0,0,0,0,0,0,0,0,1,0,0,0,0,0,1,0,1,0,0,0,0,0,0,0,0,0,0,0,0,0
SAMPLE_52873.wav,INCT17_20200107_180000,37,40,INCT17,2020-01-07 18:00:00,6,train,0,0,0,0,0,0,0,0,0,0,0,0,0,0,0,0,0,0,0,0,1,0,0,0,0,0,1,0,1,0,0,0,0,0,0,0,0,0,0,0,0,0
SAMPLE_52894.wav,INCT17_20200107_190000,0,3,INCT17,2020-01-07 19:00:00,8,train,0,0,0,0,0,0,0,0,1,0,0,0,0,0,0,0,0,0,0,1,0,0,0,0,0,0,1,0,0,1,0,0,0,0,0,0,0,0,0,0,0,0
SAMPLE_52895.wav,INCT17_20200107_190000,1,4,INCT17,2020-01-07 19:00:00,6,train,0,0,0,0,0,0,0,0,1,0,0,0,0,0,0,0,0,0,0,0,0,0,0,0,0,0,1,0,0,1,0,0,0,0,0,0,0,0,0,0,0,0
SAMPLE_52896.wav,INCT17_20200107_190000,2,5,INCT17,2020-01-07 19:00:00,6,train,0,0,0,0,0,0,0,0,0,0,0,0,0,0,0,0,0,0,0,0,0,0,0,1,0,0,1,0,0,1,0,0,0,0,0,0,0,0,0,0,0,0
SAMPLE_52897.wav,INCT17_20200107_190000,3,6,INCT17,2020-01-07 19:00:00,10,train,0,0,0,0,0,0,0,0,0,0,0,0,0,0,0,0,0,0,0,0,1,0,0,1,0,0,1,0,1,1,0,0,0,0,0,0,0,0,0,0,0,0
SAMPLE_52898.wav,INCT17_20200107_190000,4,7,INCT17,2020-01-07 19:00:00,10,train,0,0,0,0,0,0,0,0,0,0,0,0,0,0,0,0,0,0,0,0,1,0,0,1,0,0,1,0,1,1,0,0,0,0,0,0,0,0,0,0,0,0
SAMPLE_52899.wav,INCT17_20200107_190000,5,8,INCT17,2020-01-07 19:00:00,8,train,0,0,0,0,0,0,0,0,0,0,0,0,0,0,0,0,0,0,0,0,1,0,0,0,0,0,1,0,1,1,0,0,0,0,0,0,0,0,0,0,0,0
SAMPLE_52900.wav,INCT17_20200107_190000,6,9,INCT17,2020-01-07 19:00:00,8,train,0,0,0,0,0,0,0,0,0,0,0,0,0,0,0,0,0,0,0,0,1,0,0,0,0,0,1,0,1,1,0,0,0,0,0,0,0,0,0,0,0,0
SAMPLE_52901.wav,INCT17_20200107_190000,7,10,INCT17,2020-01-07 19:00:00,6,train,0,0,0,0,0,0,0,0,0,0,0,0,0,0,0,0,0,0,0,0,0,0,0,0,0,0,1,0,1,1,0,0,0,0,0,0,0,0,0,0,0,0
SAMPLE_52902.wav,INCT17_20200107_190000,8,11,INCT17,2020-01-07 19:00:00,6,train,0,0,0,0,0,0,0,0,0,0,0,0,0,0,0,0,0,0,0,0,0,0,0,0,0,0,1,0,1,1,0,0,0,0,0,0,0,0,0,0,0,0
SAMPLE_52903.wav,INCT17_20200107_190000,9,12,INCT17,2020-01-07 19:00:00,6,train,0,0,0,0,0,0,0,0,1,0,0,0,0,0,0,0,0,0,0,0,0,0,0,0,0,0,1,0,0,1,0,0,0,0,0,0,0,0,0,0,0,0
SAMPLE_57086.wav,INCT17_20200202_213000,16,19,INCT17,2020-02-02 21:30:00,10,train,0,0,0,0,0,0,0,0,1,1,0,0,0,0,0,0,0,0,0,1,0,0,0,0,1,0,0,0,0,0,1,0,0,0,0,0,0,0,0,0,0,0
SAMPLE_57087.wav,INCT17_20200202_213000,17,20,INCT17,2020-02-02 21:30:00,12,train,0,0,0,0,0,0,0,0,1,1,0,0,0,0,0,0,0,0,0,1,1,0,0,0,1,0,0,0,0,0,1,0,0,0,0,0,0,0,0,0,0,0
SAMPLE_57088.wav,INCT17_20200202_213000,18,21,INCT17,2020-02-02 21:30:00,12,train,0,0,0,0,0,0,0,0,1,1,0,0,0,0,0,0,0,0,0,1,1,0,0,0,1,0,0,0,0,0,1,0,0,0,0,0,0,0,0,0,0,0
SAMPLE_57089.wav,INCT17_20200202_213000,19,22,INCT17,2020-02-02 21:30:00,12,train,0,0,0,0,0,0,0,0,1,1,0,0,0,0,0,0,0,0,0,1,1,0,0,0,1,0,0,0,0,0,1,0,0,0,0,0,0,0,0,0,0,0
SAMPLE_57090.wav,INCT17_20200202_213000,20,23,INCT17,2020-02-02 21:30:00,10,train,0,0,0,0,0,0,0,0,0,1,0,0,0,0,0,0,0,0,0,1,1,0,0,0,1,0,0,0,0,0,1,0,0,0,0,0,0,0,0,0,0,0
SAMPLE_57091.wav,INCT17_20200202_213000,21,24,INCT17,2020-02-02 21:30:00,8,train,0,0,0,0,0,0,0,0,0,1,0,0,0,0,0,0,0,0,0,1,0,0,0,0,1,0,0,0,0,0,1,0,0,0,0,0,0,0,0,0,0,0
SAMPLE_57094.wav,INCT17_20200202_213000,24,27,INCT17,2020-02-02 21:30:00,10,train,0,0,0,0,0,0,0,0,0,1,0,0,0,0,0,0,1,0,0,1,0,0,0,0,1,0,0,0,0,0,1,0,0,0,0,0,0,0,0,0,0,0
SAMPLE_57095.wav,INCT17_20200202_213000,25,28,INCT17,2020-02-02 21:30:00,10,train,0,0,0,0,0,0,0,0,0,1,0,0,0,0,0,0,0,0,0,1,1,0,0,0,1,0,0,0,0,0,1,0,0,0,0,0,0,0,0,0,0,0
SAMPLE_57096.wav,INCT17_20200202_213000,26,29,INCT17,2020-02-02 21:30:00,10,train,0,0,0,0,0,0,0,0,0,1,0,0,0,0,0,0,0,0,0,1,1,0,0,0,1,0,0,0,0,0,1,0,0,0,0,0,0,0,0,0,0,0
SAMPLE_57097.wav,INCT17_20200202_213000,27,30,INCT17,2020-02-02 21:30:00,12,train,0,0,0,0,0,0,0,0,0,1,0,0,0,0,0,0,1,0,0,1,1,0,0,0,1,0,0,0,0,0,1,0,0,0,0,0,0,0,0,0,0,0
SAMPLE_58622.wav,INCT17_20200212_191500,44,47,INCT17,2020-02-12 19:15:00,14,train,0,0,0,0,0,0,0,0,1,0,0,0,0,0,0,0,1,0,0,1,1,0,0,0,0,0,1,0,1,0,0,1,0,0,0,0,0,0,0,0,0,0
SAMPLE_58623.wav,INCT17_20200212_191500,45,48,INCT17,2020-02-12 19:15:00,12,train,0,0,0,0,0,0,0,0,1,0,0,0,0,0,0,0,1,0,0,1,1,0,0,0,0,0,1,0,0,0,0,1,0,0,0,0,0,0,0,0,0,0
SAMPLE_58624.wav,INCT17_20200212_191500,46,49,INCT17,2020-02-12 19:15:00,12,train,0,0,0,0,0,0,0,0,1,0,0,0,0,0,0,0,1,0,0,1,1,0,0,0,0,0,1,0,0,0,0,1,0,0,0,0,0,0,0,0,0,0
SAMPLE_58625.wav,INCT17_20200212_191500,47,50,INCT17,2020-02-12 19:15:00,12,train,0,0,0,0,0,0,0,0,1,0,0,0,0,0,0,0,1,0,0,1,1,0,0,0,0,0,1,0,0,0,0,1,0,0,0,0,0,0,0,0,0,0
SAMPLE_58626.wav,INCT17_20200212_191500,48,51,INCT17,2020-02-12 19:15:00,12,train,0,0,0,0,0,0,0,0,1,0,0,0,0,0,0,0,1,0,0,1,1,0,0,0,0,0,1,0,0,0,0,1,0,0,0,0,0,0,0,0,0,0
SAMPLE_58627.wav,INCT17_20200212_191500,49,52,INCT17,2020-02-12 19:15:00,12,train,0,0,0,0,0,0,0,0,1,0,0,0,0,0,0,0,1,0,0,1,1,0,0,0,0,0,1,0,0,0,0,1,0,0,0,0,0,0,0,0,0,0
SAMPLE_58628.wav,INCT17_20200212_191500,50,53,INCT17,2020-02-12 19:15:00,10,train,0,0,0,0,0,0,0,0,1,0,0,0,0,0,0,0,1,0,0,0,1,0,0,0,0,0,1,0,0,0,0,1,0,0,0,0,0,0,0,0,0,0
SAMPLE_58629.wav,INCT17_20200212_191500,51,54,INCT17,2020-02-12 19:15:00,12,train,0,0,0,0,0,0,0,0,1,0,0,0,0,0,0,0,1,0,0,0,1,0,0,0,0,0,1,0,1,0,0,1,0,0,0,0,0,0,0,0,0,0
SAMPLE_58633.wav,INCT17_20200212_191500,55,58,INCT17,2020-02-12 19:15:00,12,train,0,0,0,0,0,0,0,0,1,0,0,0,0,0,0,0,1,0,0,0,1,0,0,0,0,0,1,0,1,0,0,1,0,0,0,0,0,0,0,0,0,0
SAMPLE_58634.wav,INCT17_20200212_191500,56,59,INCT17,2020-02-12 19:15:00,10,train,0,0,0,0,0,0,0,0,1,0,0,0,0,0,0,0,1,0,0,0,1,0,0,0,0,0,1,0,0,0,0,1,0,0,0,0,0,0,0,0,0,0
SAMPLE_66075.wav,INCT17_20201114_191500,15,18,INCT17,2020-11-14 19:15:00,12,test,0,0,0,0,0,0,0,0,0,0,0,0,0,0,0,0,0,0,0,1,1,0,0,1,0,0,1,0,1,0,0,0,1,0,0,0,0,0,0,0,0,0
SAMPLE_66076.wav,INCT17_20201114_191500,16,19,INCT17,2020-11-14 19:15:00,12,test,0,0,0,0,0,0,0,0,0,0,0,0,0,0,0,0,0,0,0,1,1,0,0,1,0,0,1,0,1,0,0,0,1,0,0,0,0,0,0,0,0,0
SAMPLE_66077.wav,INCT17_20201114_191500,17,20,INCT17,2020-11-14 19:15:00,12,test,0,0,0,0,0,0,0,0,0,0,0,0,0,0,0,0,0,0,0,1,1,0,0,1,0,0,1,0,1,0,0,0,1,0,0,0,0,0,0,0,0,0
SAMPLE_66078.wav,INCT17_20201114_191500,18,21,INCT17,2020-11-14 19:15:00,12,test,0,0,0,0,0,0,0,0,0,0,0,0,0,0,0,0,0,0,0,1,1,0,0,1,0,0,1,0,1,0,0,0,1,0,0,0,0,0,0,0,0,0
SAMPLE_66079.wav,INCT17_20201114_191500,19,22,INCT17,2020-11-14 19:15:00,14,test,0,0,0,0,0,0,0,0,0,0,0,0,0,0,0,0,0,0,0,1,1,1,0,1,0,0,1,0,1,0,0,0,1,0,0,0,0,0,0,0,0,0
SAMPLE_66080.wav,INCT17_20201114_191500,20,23,INCT17,2020-11-14 19:15:00,14,test,0,0,0,0,0,0,0,0,0,0,0,0,0,0,0,0,0,0,0,1,1,1,0,1,0,0,1,0,1,0,0,0,1,0,0,0,0,0,0,0,0,0
SAMPLE_66081.wav,INCT17_20201114_191500,21,24,INCT17,2020-11-14 19:15:00,12,test,0,0,0,0,0,0,0,0,0,0,0,0,0,0,0,0,0,0,0,1,1,1,0,0,0,0,1,0,1,0,0,0,1,0,0,0,0,0,0,0,0,0
SAMPLE_66082.wav,INCT17_20201114_191500,22,25,INCT17,2020-11-14 19:15:00,12,test,0,0,0,0,0,0,0,0,0,0,0,0,0,0,0,0,0,0,0,1,1,1,0,0,0,0,1,0,1,0,0,0,1,0,0,0,0,0,0,0,0,0
SAMPLE_66083.wav,INCT17_20201114_191500,23,26,INCT17,2020-11-14 19:15:00,12,test,0,0,0,0,0,0,0,0,0,0,0,0,0,0,0,0,0,0,0,1,1,1,0,0,0,0,1,0,1,0,0,0,1,0,0,0,0,0,0,0,0,0
SAMPLE_66084.wav,INCT17_20201114_191500,24,27,INCT17,2020-11-14 19:15:00,12,test,0,0,0,0,0,0,0,0,0,0,0,0,0,0,0,0,0,0,0,1,1,1,0,0,0,0,1,0,1,0,0,0,1,0,0,0,0,0,0,0,0,0
SAMPLE_69018.wav,INCT4_20191005_173000,0,3,INCT4,2019-10-05 17:30:00,4,train,0,0,0,0,0,0,0,0,0,0,0,0,0,0,0,0,0,0,0,0,0,0,0,0,0,0,0,0,0,0,0,0,0,1,1,0,0,0,0,0,0,0
SAMPLE_69019.wav,INCT4_20191005_173000,1,4,INCT4,2019-10-05 17:30:00,4,train,0,0,0,0,0,0,0,0,0,0,0,0,0,0,0,0,0,0,0,0,0,0,0,0,0,0,0,0,0,0,0,0,0,1,1,0,0,0,0,0,0,0
SAMPLE_69020.wav,INCT4_20191005_173000,2,5,INCT4,2019-10-05 17:30:00,4,train,0,0,0,0,0,0,0,0,0,0,0,0,0,0,0,0,0,0,0,0,0,0,0,0,0,0,0,0,0,0,0,0,0,1,1,0,0,0,0,0,0,0
SAMPLE_69021.wav,INCT4_20191005_173000,3,6,INCT4,2019-10-05 17:30:00,4,train,0,0,0,0,0,0,0,0,0,0,0,0,0,0,0,0,0,0,0,0,0,0,0,0,0,0,0,0,0,0,0,0,0,1,1,0,0,0,0,0,0,0
SAMPLE_69022.wav,INCT4_20191005_173000,4,7,INCT4,2019-10-05 17:30:00,4,train,0,0,0,0,0,0,0,0,0,0,0,0,0,0,0,0,0,0,0,0,0,0,0,0,0,0,0,0,0,0,0,0,0,1,1,0,0,0,0,0,0,0
SAMPLE_69023.wav,INCT4_20191005_173000,5,8,INCT4,2019-10-05 17:30:00,4,train,0,0,0,0,0,0,0,0,0,0,0,0,0,0,0,0,0,0,0,0,0,0,0,0,0,0,0,0,0,0,0,0,0,1,1,0,0,0,0,0,0,0
SAMPLE_69024.wav,INCT4_20191005_173000,6,9,INCT4,2019-10-05 17:30:00,4,train,0,0,0,0,0,0,0,0,0,0,0,0,0,0,0,0,0,0,0,0,0,0,0,0,0,0,0,0,0,0,0,0,0,1,1,0,0,0,0,0,0,0
SAMPLE_69025.wav,INCT4_20191005_173000,7,10,INCT4,2019-10-05 17:30:00,4,train,0,0,0,0,0,0,0,0,0,0,0,0,0,0,0,0,0,0,0,0,0,0,0,0,0,0,0,0,0,0,0,0,0,1,1,0,0,0,0,0,0,0
SAMPLE_69026.wav,INCT4_20191005_173000,8,11,INCT4,2019-10-05 17:30:00,4,train,0,0,0,0,0,0,0,0,0,0,0,0,0,0,0,0,0,0,0,0,0,0,0,0,0,0,0,0,0,0,0,0,0,1,1,0,0,0,0,0,0,0
SAMPLE_69027.wav,INCT4_20191005_173000,9,12,INCT4,2019-10-05 17:30:00,4,train,0,0,0,0,0,0,0,0,0,0,0,0,0,0,0,0,0,0,0,0,0,0,0,0,0,0,0,0,0,0,0,0,0,1,1,0,0,0,0,0,0,0
SAMPLE_69773.wav,INCT4_20191023_191500,1,4,INCT4,2019-10-23 19:15:00,4,test,0,0,0,0,0,0,0,1,0,0,0,0,0,0,0,0,0,0,0,0,0,0,0,0,0,0,0,0,0,0,0,0,0,0,0,1,0,0,0,0,0,0
SAMPLE_69774.wav,INCT4_20191023_191500,2,5,INCT4,2019-10-23 19:15:00,4,test,0,0,0,0,0,0,0,1,0,0,0,0,0,0,0,0,0,0,0,0,0,0,0,0,0,0,0,0,0,0,0,0,0,0,0,1,0,0,0,0,0,0
SAMPLE_69775.wav,INCT4_20191023_191500,3,6,INCT4,2019-10-23 19:15:00,4,test,0,0,0,0,0,0,0,1,0,0,0,0,0,0,0,0,0,0,0,0,0,0,0,0,0,0,0,0,0,0,0,0,0,0,0,1,0,0,0,0,0,0
SAMPLE_69776.wav,INCT4_20191023_191500,4,7,INCT4,2019-10-23 19:15:00,4,test,0,0,0,0,0,0,0,1,0,0,0,0,0,0,0,0,0,0,0,0,0,0,0,0,0,0,0,0,0,0,0,0,0,0,0,1,0,0,0,0,0,0
SAMPLE_69787.wav,INCT4_20191023_191500,15,18,INCT4,2019-10-23 19:15:00,4,test,0,0,0,0,0,0,0,1,0,0,0,0,0,0,0,0,0,0,0,0,0,0,0,0,0,0,0,0,0,0,0,0,0,0,0,1,0,0,0,0,0,0
SAMPLE_69788.wav,INCT4_20191023_191500,16,19,INCT4,2019-10-23 19:15:00,4,test,0,0,0,0,0,0,0,1,0,0,0,0,0,0,0,0,0,0,0,0,0,0,0,0,0,0,0,0,0,0,0,0,0,0,0,1,0,0,0,0,0,0
SAMPLE_69789.wav,INCT4_20191023_191500,17,20,INCT4,2019-10-23 19:15:00,4,test,0,0,0,0,0,0,0,1,0,0,0,0,0,0,0,0,0,0,0,0,0,0,0,0,0,0,0,0,0,0,0,0,0,0,0,1,0,0,0,0,0,0
SAMPLE_69803.wav,INCT4_20191023_191500,31,34,INCT4,2019-10-23 19:15:00,4,test,0,0,0,0,0,0,0,1,0,0,0,0,0,0,0,0,0,0,0,0,0,0,0,0,0,0,0,0,0,0,0,0,0,0,0,1,0,0,0,0,0,0
SAMPLE_69804.wav,INCT4_20191023_191500,32,35,INCT4,2019-10-23 19:15:00,4,test,0,0,0,0,0,0,0,1,0,0,0,0,0,0,0,0,0,0,0,0,0,0,0,0,0,0,0,0,0,0,0,0,0,0,0,1,0,0,0,0,0,0
SAMPLE_69805.wav,INCT4_20191023_191500,33,36,INCT4,2019-10-23 19:15:00,4,test,0,0,0,0,0,0,0,1,0,0,0,0,0,0,0,0,0,0,0,0,0,0,0,0,0,0,0,0,0,0,0,0,0,0,0,1,0,0,0,0,0,0
SAMPLE_69916.wav,INCT4_20191023_201500,28,31,INCT4,2019-10-23 20:15:00,6,test,0,0,0,0,0,0,0,1,0,0,0,0,0,0,0,0,0,0,0,0,0,0,0,0,0,0,0,0,0,0,0,0,0,1,0,0,1,0,0,0,0,0
SAMPLE_69917.wav,INCT4_20191023_201500,29,32,INCT4,2019-10-23 20:15:00,6,test,0,0,0,0,0,0,0,1,0,0,0,0,0,0,0,0,0,0,0,0,0,0,0,0,0,0,0,0,0,0,0,0,0,1,0,0,1,0,0,0,0,0
SAMPLE_69918.wav,INCT4_20191023_201500,30,33,INCT4,2019-10-23 20:15:00,6,test,0,0,0,0,0,0,0,1,0,0,0,0,0,0,0,0,0,0,0,0,0,0,0,0,0,0,0,0,0,0,0,0,0,1,0,0,1,0,0,0,0,0
SAMPLE_69919.wav,INCT4_20191023_201500,31,34,INCT4,2019-10-23 20:15:00,6,test,0,0,0,0,0,0,0,1,0,0,0,0,0,0,0,0,0,0,0,0,0,0,0,0,0,0,0,0,0,0,0,0,0,1,0,0,1,0,0,0,0,0
SAMPLE_69920.wav,INCT4_20191023_201500,32,35,INCT4,2019-10-23 20:15:00,6,test,0,0,0,0,0,0,0,1,0,0,0,0,0,0,0,0,0,0,0,0,0,0,0,0,0,0,0,0,0,0,0,0,0,1,0,0,1,0,0,0,0,0
SAMPLE_69921.wav,INCT4_20191023_201500,33,36,INCT4,2019-10-23 20:15:00,6,test,0,0,0,0,0,0,0,1,0,0,0,0,0,0,0,0,0,0,0,0,0,0,0,0,0,0,0,0,0,0,0,0,0,1,0,0,1,0,0,0,0,0
SAMPLE_69922.wav,INCT4_20191023_201500,34,37,INCT4,2019-10-23 20:15:00,6,test,0,0,0,0,0,0,0,1,0,0,0,0,0,0,0,0,0,0,0,0,0,0,0,0,0,0,0,0,0,0,0,0,0,1,0,0,1,0,0,0,0,0
SAMPLE_69937.wav,INCT4_20191023_201500,49,52,INCT4,2019-10-23 20:15:00,8,test,0,0,0,0,0,0,0,1,0,0,0,0,0,0,0,0,0,0,0,0,0,0,0,0,0,0,0,0,0,0,0,0,0,1,0,1,1,0,0,0,0,0
SAMPLE_69938.wav,INCT4_20191023_201500,50,53,INCT4,2019-10-23 20:15:00,8,test,0,0,0,0,0,0,0,1,0,0,0,0,0,0,0,0,0,0,0,0,0,0,0,0,0,0,0,0,0,0,0,0,0,1,0,1,1,0,0,0,0,0
SAMPLE_69939.wav,INCT4_20191023_201500,51,54,INCT4,2019-10-23 20:15:00,6,test,0,0,0,0,0,0,0,1,0,0,0,0,0,0,0,0,0,0,0,0,0,0,0,0,0,0,0,0,0,0,0,0,0,1,0,0,1,0,0,0,0,0
SAMPLE_80917.wav,INCT4_20200318_030000,9,12,INCT4,2020-03-18 03:00:00,2,train,0,0,0,0,0,0,0,0,0,0,0,0,0,0,0,0,0,0,0,0,0,0,0,0,0,0,0,0,0,0,0,0,0,0,0,0,0,1,0,0,0,0
SAMPLE_80918.wav,INCT4_20200318_030000,10,13,INCT4,2020-03-18 03:00:00,2,train,0,0,0,0,0,0,0,0,0,0,0,0,0,0,0,0,0,0,0,0,0,0,0,0,0,0,0,0,0,0,0,0,0,0,0,0,0,1,0,0,0,0
SAMPLE_80919.wav,INCT4_20200318_030000,11,14,INCT4,2020-03-18 03:00:00,2,train,0,0,0,0,0,0,0,0,0,0,0,0,0,0,0,0,0,0,0,0,0,0,0,0,0,0,0,0,0,0,0,0,0,0,0,0,0,1,0,0,0,0
SAMPLE_80920.wav,INCT4_20200318_030000,12,15,INCT4,2020-03-18 03:00:00,2,train,0,0,0,0,0,0,0,0,0,0,0,0,0,0,0,0,0,0,0,0,0,0,0,0,0,0,0,0,0,0,0,0,0,0,0,0,0,1,0,0,0,0
SAMPLE_80921.wav,INCT4_20200318_030000,13,16,INCT4,2020-03-18 03:00:00,2,train,0,0,0,0,0,0,0,0,0,0,0,0,0,0,0,0,0,0,0,0,0,0,0,0,0,0,0,0,0,0,0,0,0,0,0,0,0,1,0,0,0,0
SAMPLE_80922.wav,INCT4_20200318_030000,14,17,INCT4,2020-03-18 03:00:00,2,train,0,0,0,0,0,0,0,0,0,0,0,0,0,0,0,0,0,0,0,0,0,0,0,0,0,0,0,0,0,0,0,0,0,0,0,0,0,1,0,0,0,0
SAMPLE_80923.wav,INCT4_20200318_030000,15,18,INCT4,2020-03-18 03:00:00,2,train,0,0,0,0,0,0,0,0,0,0,0,0,0,0,0,0,0,0,0,0,0,0,0,0,0,0,0,0,0,0,0,0,0,0,0,0,0,1,0,0,0,0
SAMPLE_80924.wav,INCT4_20200318_030000,16,19,INCT4,2020-03-18 03:00:00,2,train,0,0,0,0,0,0,0,0,0,0,0,0,0,0,0,0,0,0,0,0,0,0,0,0,0,0,0,0,0,0,0,0,0,0,0,0,0,1,0,0,0,0
SAMPLE_80925.wav,INCT4_20200318_030000,17,20,INCT4,2020-03-18 03:00:00,2,train,0,0,0,0,0,0,0,0,0,0,0,0,0,0,0,0,0,0,0,0,0,0,0,0,0,0,0,0,0,0,0,0,0,0,0,0,0,1,0,0,0,0
SAMPLE_80926.wav,INCT4_20200318_030000,18,21,INCT4,2020-03-18 03:00:00,2,train,0,0,0,0,0,0,0,0,0,0,0,0,0,0,0,0,0,0,0,0,0,0,0,0,0,0,0,0,0,0,0,0,0,0,0,0,0,1,0,0,0,0
SAMPLE_85172.wav,INCT4_20201021_033000,30,33,INCT4,2020-10-21 03:30:00,2,train,0,0,0,0,0,0,0,0,0,0,0,0,0,0,0,0,0,0,0,0,0,0,0,0,0,0,0,0,0,0,0,0,0,0,0,0,0,0,1,0,0,0
SAMPLE_85173.wav,INCT4_20201021_033000,31,34,INCT4,2020-10-21 03:30:00,2,train,0,0,0,0,0,0,0,0,0,0,0,0,0,0,0,0,0,0,0,0,0,0,0,0,0,0,0,0,0,0,0,0,0,0,0,0,0,0,1,0,0,0
SAMPLE_85174.wav,INCT4_20201021_033000,32,35,INCT4,2020-10-21 03:30:00,2,train,0,0,0,0,0,0,0,0,0,0,0,0,0,0,0,0,0,0,0,0,0,0,0,0,0,0,0,0,0,0,0,0,0,0,0,0,0,0,1,0,0,0
SAMPLE_86539.wav,INCT4_20201113_001500,5,8,INCT4,2020-11-13 00:15:00,2,train,0,0,0,0,0,0,0,0,0,0,0,0,0,0,0,0,0,0,0,0,0,0,0,0,0,0,0,0,0,0,0,0,0,0,0,0,0,0,0,1,0,0
SAMPLE_86540.wav,INCT4_20201113_001500,6,9,INCT4,2020-11-13 00:15:00,2,train,0,0,0,0,0,0,0,0,0,0,0,0,0,0,0,0,0,0,0,0,0,0,0,0,0,0,0,0,0,0,0,0,0,0,0,0,0,0,0,1,0,0
SAMPLE_86541.wav,INCT4_20201113_001500,7,10,INCT4,2020-11-13 00:15:00,2,train,0,0,0,0,0,0,0,0,0,0,0,0,0,0,0,0,0,0,0,0,0,0,0,0,0,0,0,0,0,0,0,0,0,0,0,0,0,0,0,1,0,0
SAMPLE_86542.wav,INCT4_20201113_001500,8,11,INCT4,2020-11-13 00:15:00,2,train,0,0,0,0,0,0,0,0,0,0,0,0,0,0,0,0,0,0,0,0,0,0,0,0,0,0,0,0,0,0,0,0,0,0,0,0,0,0,0,1,0,0
SAMPLE_86543.wav,INCT4_20201113_001500,9,12,INCT4,2020-11-13 00:15:00,2,train,0,0,0,0,0,0,0,0,0,0,0,0,0,0,0,0,0,0,0,0,0,0,0,0,0,0,0,0,0,0,0,0,0,0,0,0,0,0,0,1,0,0
SAMPLE_86544.wav,INCT4_20201113_001500,10,13,INCT4,2020-11-13 00:15:00,4,train,0,0,0,0,0,0,0,0,0,0,0,0,0,0,0,0,0,0,0,0,0,0,0,0,0,0,0,0,0,0,0,0,0,0,0,0,1,0,0,1,0,0
SAMPLE_86556.wav,INCT4_20201113_001500,22,25,INCT4,2020-11-13 00:15:00,2,train,0,0,0,0,0,0,0,0,0,0,0,0,0,0,0,0,0,0,0,0,0,0,0,0,0,0,0,0,0,0,0,0,0,0,0,0,0,0,0,1,0,0
SAMPLE_86557.wav,INCT4_20201113_001500,23,26,INCT4,2020-11-13 00:15:00,2,train,0,0,0,0,0,0,0,0,0,0,0,0,0,0,0,0,0,0,0,0,0,0,0,0,0,0,0,0,0,0,0,0,0,0,0,0,0,0,0,1,0,0
SAMPLE_86558.wav,INCT4_20201113_001500,24,27,INCT4,2020-11-13 00:15:00,2,train,0,0,0,0,0,0,0,0,0,0,0,0,0,0,0,0,0,0,0,0,0,0,0,0,0,0,0,0,0,0,0,0,0,0,0,0,0,0,0,1,0,0
SAMPLE_86559.wav,INCT4_20201113_001500,25,28,INCT4,2020-11-13 00:15:00,2,train,0,0,0,0,0,0,0,0,0,0,0,0,0,0,0,0,0,0,0,0,0,0,0,0,0,0,0,0,0,0,0,0,0,0,0,0,0,0,0,1,0,0
SAMPLE_87718.wav,INCT4_20201120_000000,24,27,INCT4,2020-11-20 00:00:00,4,test,0,0,0,0,0,0,0,0,0,0,0,0,0,0,0,0,0,0,0,0,0,0,0,0,0,0,0,0,0,0,0,0,0,0,0,0,1,0,0,0,1,0
SAMPLE_87719.wav,INCT4_20201120_000000,25,28,INCT4,2020-11-20 00:00:00,4,test,0,0,0,0,0,0,0,0,0,0,0,0,0,0,0,0,0,0,0,0,0,0,0,0,0,0,0,0,0,0,0,0,0,0,0,0,1,0,0,0,1,0
SAMPLE_87720.wav,INCT4_20201120_000000,26,29,INCT4,2020-11-20 00:00:00,4,test,0,0,0,0,0,0,0,0,0,0,0,0,0,0,0,0,0,0,0,0,0,0,0,0,0,0,0,0,0,0,0,0,0,0,0,0,1,0,0,0,1,0
SAMPLE_87728.wav,INCT4_20201120_000000,34,37,INCT4,2020-11-20 00:00:00,4,test,0,0,0,0,0,0,0,0,0,0,0,0,0,0,0,0,0,0,0,0,0,0,0,0,0,0,0,0,0,0,0,0,0,0,0,0,1,0,0,0,1,0
SAMPLE_87729.wav,INCT4_20201120_000000,35,38,INCT4,2020-11-20 00:00:00,4,test,0,0,0,0,0,0,0,0,0,0,0,0,0,0,0,0,0,0,0,0,0,0,0,0,0,0,0,0,0,0,0,0,0,0,0,0,1,0,0,0,1,0
SAMPLE_87730.wav,INCT4_20201120_000000,36,39,INCT4,2020-11-20 00:00:00,4,test,0,0,0,0,0,0,0,0,0,0,0,0,0,0,0,0,0,0,0,0,0,0,0,0,0,0,0,0,0,0,0,0,0,0,0,0,1,0,0,0,1,0
SAMPLE_87732.wav,INCT4_20201120_000000,38,41,INCT4,2020-11-20 00:00:00,2,test,0,0,0,0,0,0,0,0,0,0,0,0,0,0,0,0,0,0,0,0,0,0,0,0,0,0,0,0,0,0,0,0,0,0,0,0,0,0,0,0,1,0
SAMPLE_87733.wav,INCT4_20201120_000000,39,42,INCT4,2020-11-20 00:00:00,2,test,0,0,0,0,0,0,0,0,0,0,0,0,0,0,0,0,0,0,0,0,0,0,0,0,0,0,0,0,0,0,0,0,0,0,0,0,0,0,0,0,1,0
SAMPLE_87734.wav,INCT4_20201120_000000,40,43,INCT4,2020-11-20 00:00:00,2,test,0,0,0,0,0,0,0,0,0,0,0,0,0,0,0,0,0,0,0,0,0,0,0,0,0,0,0,0,0,0,0,0,0,0,0,0,0,0,0,0,1,0
SAMPLE_87737.wav,INCT4_20201120_000000,43,46,INCT4,2020-11-20 00:00:00,4,test,0,0,0,0,0,0,0,0,0,0,0,0,0,0,0,0,0,0,0,0,0,0,0,0,0,0,0,0,0,0,0,0,0,0,0,0,1,0,0,0,1,0
SAMPLE_89492.wav,INCT4_20201128_010000,0,3,INCT4,2020-11-28 01:00:00,2,train,0,0,0,0,0,0,0,0,0,0,0,0,0,0,0,0,0,0,0,0,0,0,0,0,0,0,0,0,0,0,0,0,0,0,0,0,0,0,1,0,0,0
SAMPLE_89493.wav,INCT4_20201128_010000,1,4,INCT4,2020-11-28 01:00:00,2,train,0,0,0,0,0,0,0,0,0,0,0,0,0,0,0,0,0,0,0,0,0,0,0,0,0,0,0,0,0,0,0,0,0,0,0,0,0,0,1,0,0,0
SAMPLE_89494.wav,INCT4_20201128_010000,2,5,INCT4,2020-11-28 01:00:00,2,train,0,0,0,0,0,0,0,0,0,0,0,0,0,0,0,0,0,0,0,0,0,0,0,0,0,0,0,0,0,0,0,0,0,0,0,0,0,0,1,0,0,0
SAMPLE_89495.wav,INCT4_20201128_010000,3,6,INCT4,2020-11-28 01:00:00,2,train,0,0,0,0,0,0,0,0,0,0,0,0,0,0,0,0,0,0,0,0,0,0,0,0,0,0,0,0,0,0,0,0,0,0,0,0,0,0,1,0,0,0
SAMPLE_91696.wav,INCT4_20201225_203000,0,3,INCT4,2020-12-25 20:30:00,3,train,0,0,0,0,0,0,0,1,0,0,0,0,0,0,0,0,0,0,0,0,0,0,0,0,0,0,0,0,0,0,0,0,0,0,0,0,0,0,0,0,0,1
SAMPLE_91697.wav,INCT4_20201225_203000,1,4,INCT4,2020-12-25 20:30:00,3,train,0,0,0,0,0,0,0,1,0,0,0,0,0,0,0,0,0,0,0,0,0,0,0,0,0,0,0,0,0,0,0,0,0,0,0,0,0,0,0,0,0,1
SAMPLE_91698.wav,INCT4_20201225_203000,2,5,INCT4,2020-12-25 20:30:00,3,train,0,0,0,0,0,0,0,1,0,0,0,0,0,0,0,0,0,0,0,0,0,0,0,0,0,0,0,0,0,0,0,0,0,0,0,0,0,0,0,0,0,1
SAMPLE_91699.wav,INCT4_20201225_203000,3,6,INCT4,2020-12-25 20:30:00,3,train,0,0,0,0,0,0,0,1,0,0,0,0,0,0,0,0,0,0,0,0,0,0,0,0,0,0,0,0,0,0,0,0,0,0,0,0,0,0,0,0,0,1
SAMPLE_91700.wav,INCT4_20201225_203000,4,7,INCT4,2020-12-25 20:30:00,3,train,0,0,0,0,0,0,0,1,0,0,0,0,0,0,0,0,0,0,0,0,0,0,0,0,0,0,0,0,0,0,0,0,0,0,0,0,0,0,0,0,0,1
